function_id,function_name,n,code_line,hits,time
7,selection_sort,2,36,3,82
7,selection_sort,2,37,2,155
7,selection_sort,2,38,2,54
7,selection_sort,3,36,4,78
7,selection_sort,3,37,3,175
7,selection_sort,3,38,3,70
7,selection_sort,4,36,5,102
7,selection_sort,4,37,4,246
7,selection_sort,4,38,4,91
7,selection_sort,5,36,6,111
7,selection_sort,5,37,5,276
7,selection_sort,5,38,5,108
7,selection_sort,6,36,7,119
7,selection_sort,6,37,6,321
7,selection_sort,6,38,6,125
7,selection_sort,7,36,8,136
7,selection_sort,7,37,7,505
7,selection_sort,7,38,7,283
7,selection_sort,8,36,9,142
7,selection_sort,8,37,8,437
7,selection_sort,8,38,8,161
7,selection_sort,9,36,10,155
7,selection_sort,9,37,9,604
7,selection_sort,9,38,9,189
7,selection_sort,10,36,11,169
7,selection_sort,10,37,10,636
7,selection_sort,10,38,10,219
7,selection_sort,11,36,12,184
7,selection_sort,11,37,11,583
7,selection_sort,11,38,11,224
7,selection_sort,12,36,13,156
7,selection_sort,12,37,12,489
7,selection_sort,12,38,12,190
7,selection_sort,13,36,14,154
7,selection_sort,13,37,13,636
7,selection_sort,13,38,13,211
7,selection_sort,14,36,15,167
7,selection_sort,14,37,14,566
7,selection_sort,14,38,14,228
7,selection_sort,15,36,16,175
7,selection_sort,15,37,15,600
7,selection_sort,15,38,15,243
7,selection_sort,16,36,17,185
7,selection_sort,16,37,16,644
7,selection_sort,16,38,16,257
7,selection_sort,17,36,18,211
7,selection_sort,17,37,17,700
7,selection_sort,17,38,17,275
7,selection_sort,18,36,19,208
7,selection_sort,18,37,18,865
7,selection_sort,18,38,18,292
7,selection_sort,19,36,20,219
7,selection_sort,19,37,19,911
7,selection_sort,19,38,19,315
7,selection_sort,20,36,21,232
7,selection_sort,20,37,20,957
7,selection_sort,20,38,20,331
7,selection_sort,21,36,22,237
7,selection_sort,21,37,21,875
7,selection_sort,21,38,21,346
7,selection_sort,22,36,23,250
7,selection_sort,22,37,22,1053
7,selection_sort,22,38,22,360
7,selection_sort,23,36,24,386
7,selection_sort,23,37,23,979
7,selection_sort,23,38,23,377
7,selection_sort,24,36,25,270
7,selection_sort,24,37,24,1028
7,selection_sort,24,38,24,401
7,selection_sort,25,36,26,283
7,selection_sort,25,37,25,1098
7,selection_sort,25,38,25,406
7,selection_sort,26,36,27,252
7,selection_sort,26,37,26,985
7,selection_sort,26,38,26,368
7,selection_sort,27,36,28,235
7,selection_sort,27,37,27,959
7,selection_sort,27,38,27,348
7,selection_sort,28,36,29,243
7,selection_sort,28,37,28,980
7,selection_sort,28,38,28,488
7,selection_sort,29,36,30,250
7,selection_sort,29,37,29,1017
7,selection_sort,29,38,29,370
7,selection_sort,30,36,31,255
7,selection_sort,30,37,30,1077
7,selection_sort,30,38,30,392
7,selection_sort,31,36,32,267
7,selection_sort,31,37,31,1099
7,selection_sort,31,38,31,404
7,selection_sort,32,36,33,280
7,selection_sort,32,37,32,1173
7,selection_sort,32,38,32,423
7,selection_sort,33,36,34,417
7,selection_sort,33,37,33,1205
7,selection_sort,33,38,33,431
7,selection_sort,34,36,35,293
7,selection_sort,34,37,34,1264
7,selection_sort,34,38,34,515
7,selection_sort,35,36,36,300
7,selection_sort,35,37,35,1290
7,selection_sort,35,38,35,458
7,selection_sort,36,36,37,438
7,selection_sort,36,37,36,1363
7,selection_sort,36,38,36,472
7,selection_sort,37,36,38,450
7,selection_sort,37,37,37,1421
7,selection_sort,37,38,37,497
7,selection_sort,38,36,39,459
7,selection_sort,38,37,38,1457
7,selection_sort,38,38,38,506
7,selection_sort,39,36,40,338
7,selection_sort,39,37,39,1641
7,selection_sort,39,38,39,520
7,selection_sort,40,36,41,350
7,selection_sort,40,37,40,1712
7,selection_sort,40,38,40,535
7,selection_sort,41,36,42,359
7,selection_sort,41,37,41,1628
7,selection_sort,41,38,41,676
7,selection_sort,42,36,43,371
7,selection_sort,42,37,42,1785
7,selection_sort,42,38,42,694
7,selection_sort,43,36,44,372
7,selection_sort,43,37,43,1754
7,selection_sort,43,38,43,574
7,selection_sort,44,36,45,390
7,selection_sort,44,37,44,1906
7,selection_sort,44,38,44,725
7,selection_sort,45,36,46,517
7,selection_sort,45,37,45,1872
7,selection_sort,45,38,45,605
7,selection_sort,46,36,47,526
7,selection_sort,46,37,46,1937
7,selection_sort,46,38,46,626
7,selection_sort,47,36,48,533
7,selection_sort,47,37,47,2157
7,selection_sort,47,38,47,641
7,selection_sort,48,36,49,415
7,selection_sort,48,37,48,2179
7,selection_sort,48,38,48,658
7,selection_sort,49,36,50,748
7,selection_sort,49,37,49,3505
7,selection_sort,49,38,49,855
7,selection_sort,50,36,51,360
7,selection_sort,50,37,50,1993
7,selection_sort,50,38,50,706
7,selection_sort,51,36,52,375
7,selection_sort,51,37,51,2025
7,selection_sort,51,38,51,739
7,selection_sort,52,36,53,457
7,selection_sort,52,37,52,1696
7,selection_sort,52,38,52,526
7,selection_sort,53,36,54,464
7,selection_sort,53,37,53,1837
7,selection_sort,53,38,53,541
7,selection_sort,54,36,55,702
7,selection_sort,54,37,54,2547
7,selection_sort,54,38,54,739
7,selection_sort,55,36,56,353
7,selection_sort,55,37,55,2104
7,selection_sort,55,38,55,593
7,selection_sort,56,36,57,369
7,selection_sort,56,37,56,2093
7,selection_sort,56,38,56,582
7,selection_sort,57,36,58,364
7,selection_sort,57,37,57,2042
7,selection_sort,57,38,57,715
7,selection_sort,58,36,59,371
7,selection_sort,58,37,58,1951
7,selection_sort,58,38,58,729
7,selection_sort,59,36,60,448
7,selection_sort,59,37,59,2024
7,selection_sort,59,38,59,756
7,selection_sort,60,36,61,521
7,selection_sort,60,37,60,2053
7,selection_sort,60,38,60,623
7,selection_sort,61,36,62,623
7,selection_sort,61,37,61,2755
7,selection_sort,61,38,61,846
7,selection_sort,62,36,63,554
7,selection_sort,62,37,62,3111
7,selection_sort,62,38,62,998
7,selection_sort,63,36,64,503
7,selection_sort,63,37,63,3071
7,selection_sort,63,38,63,940
7,selection_sort,64,36,65,520
7,selection_sort,64,37,64,2858
7,selection_sort,64,38,64,1080
7,selection_sort,65,36,66,454
7,selection_sort,65,37,65,2641
7,selection_sort,65,38,65,841
7,selection_sort,66,36,67,454
7,selection_sort,66,37,66,2722
7,selection_sort,66,38,66,722
7,selection_sort,67,36,68,585
7,selection_sort,67,37,67,2709
7,selection_sort,67,38,67,741
7,selection_sort,68,36,69,719
7,selection_sort,68,37,68,2545
7,selection_sort,68,38,68,741
7,selection_sort,69,36,70,589
7,selection_sort,69,37,69,2633
7,selection_sort,69,38,69,766
7,selection_sort,70,36,71,614
7,selection_sort,70,37,70,3159
7,selection_sort,70,38,70,898
7,selection_sort,71,36,72,540
7,selection_sort,71,37,71,2760
7,selection_sort,71,38,71,922
7,selection_sort,72,36,73,495
7,selection_sort,72,37,72,3008
7,selection_sort,72,38,72,920
7,selection_sort,73,36,74,505
7,selection_sort,73,37,73,3026
7,selection_sort,73,38,73,938
7,selection_sort,74,36,75,515
7,selection_sort,74,37,74,3097
7,selection_sort,74,38,74,827
7,selection_sort,75,36,76,639
7,selection_sort,75,37,75,3250
7,selection_sort,75,38,75,841
7,selection_sort,76,36,77,753
7,selection_sort,76,37,76,3024
7,selection_sort,76,38,76,822
7,selection_sort,77,36,78,432
7,selection_sort,77,37,77,2780
7,selection_sort,77,38,77,833
7,selection_sort,78,36,79,576
7,selection_sort,78,37,78,2823
7,selection_sort,78,38,78,732
7,selection_sort,79,36,80,458
7,selection_sort,79,37,79,2917
7,selection_sort,79,38,79,1013
7,selection_sort,80,36,81,495
7,selection_sort,80,37,80,3178
7,selection_sort,80,38,80,922
7,selection_sort,81,36,82,819
7,selection_sort,81,37,81,3575
7,selection_sort,81,38,81,920
7,selection_sort,82,36,83,594
7,selection_sort,82,37,82,3806
7,selection_sort,82,38,82,1144
7,selection_sort,83,36,84,734
7,selection_sort,83,37,83,3574
7,selection_sort,83,38,83,914
7,selection_sort,84,36,85,502
7,selection_sort,84,37,84,3121
7,selection_sort,84,38,84,1058
7,selection_sort,85,36,86,632
7,selection_sort,85,37,85,3333
7,selection_sort,85,38,85,847
7,selection_sort,86,36,87,639
7,selection_sort,86,37,86,3250
7,selection_sort,86,38,86,976
7,selection_sort,87,36,88,522
7,selection_sort,87,37,87,3660
7,selection_sort,87,38,87,871
7,selection_sort,88,36,89,791
7,selection_sort,88,37,88,3772
7,selection_sort,88,38,88,986
7,selection_sort,89,36,90,550
7,selection_sort,89,37,89,3650
7,selection_sort,89,38,89,1028
7,selection_sort,90,36,91,741
7,selection_sort,90,37,90,3897
7,selection_sort,90,38,90,951
7,selection_sort,91,36,92,573
7,selection_sort,91,37,91,3644
7,selection_sort,91,38,91,1200
7,selection_sort,92,36,93,577
7,selection_sort,92,37,92,3959
7,selection_sort,92,38,92,1078
7,selection_sort,93,36,94,709
7,selection_sort,93,37,93,3811
7,selection_sort,93,38,93,1091
7,selection_sort,94,36,95,856
7,selection_sort,94,37,94,4055
7,selection_sort,94,38,94,999
7,selection_sort,95,36,96,609
7,selection_sort,95,37,95,4319
7,selection_sort,95,38,95,1043
7,selection_sort,96,36,97,679
7,selection_sort,96,37,96,4333
7,selection_sort,96,38,96,1371
7,selection_sort,97,36,98,812
7,selection_sort,97,37,97,4174
7,selection_sort,97,38,97,1145
7,selection_sort,98,36,99,662
7,selection_sort,98,37,98,3767
7,selection_sort,98,38,98,869
7,selection_sort,99,36,100,515
7,selection_sort,99,37,99,3583
7,selection_sort,99,38,99,1003
7,selection_sort,100,36,101,712
7,selection_sort,100,37,100,3853
7,selection_sort,100,38,100,1070
7,selection_sort,101,36,102,868
7,selection_sort,101,37,101,4033
7,selection_sort,101,38,101,906
7,selection_sort,102,36,103,520
7,selection_sort,102,37,102,3828
7,selection_sort,102,38,102,981
7,selection_sort,103,36,104,520
7,selection_sort,103,37,103,3609
7,selection_sort,103,38,103,1099
7,selection_sort,104,36,105,783
7,selection_sort,104,37,104,3638
7,selection_sort,104,38,104,869
7,selection_sort,105,36,106,535
7,selection_sort,105,37,105,3856
7,selection_sort,105,38,105,1011
7,selection_sort,106,36,107,664
7,selection_sort,106,37,106,3774
7,selection_sort,106,38,106,1004
7,selection_sort,107,36,108,692
7,selection_sort,107,37,107,3899
7,selection_sort,107,38,107,882
7,selection_sort,108,36,109,523
7,selection_sort,108,37,108,3954
7,selection_sort,108,38,108,993
7,selection_sort,109,36,110,535
7,selection_sort,109,37,109,4010
7,selection_sort,109,38,109,1028
7,selection_sort,110,36,111,535
7,selection_sort,110,37,110,4053
7,selection_sort,110,38,110,1037
7,selection_sort,111,36,112,546
7,selection_sort,111,37,111,4056
7,selection_sort,111,38,111,1065
7,selection_sort,112,36,113,552
7,selection_sort,112,37,112,4089
7,selection_sort,112,38,112,1026
7,selection_sort,113,36,114,554
7,selection_sort,113,37,113,4140
7,selection_sort,113,38,113,1047
7,selection_sort,114,36,115,546
7,selection_sort,114,37,114,4183
7,selection_sort,114,38,114,1042
7,selection_sort,115,36,116,561
7,selection_sort,115,37,115,4194
7,selection_sort,115,38,115,1181
7,selection_sort,116,36,117,550
7,selection_sort,116,37,116,4222
7,selection_sort,116,38,116,1214
7,selection_sort,117,36,118,560
7,selection_sort,117,37,117,4266
7,selection_sort,117,38,117,1174
7,selection_sort,118,36,119,559
7,selection_sort,118,37,118,4259
7,selection_sort,118,38,118,1189
7,selection_sort,119,36,120,694
7,selection_sort,119,37,119,4213
7,selection_sort,119,38,119,1179
7,selection_sort,120,36,121,831
7,selection_sort,120,37,120,4298
7,selection_sort,120,38,120,1065
7,selection_sort,121,36,122,821
7,selection_sort,121,37,121,4403
7,selection_sort,121,38,121,1054
7,selection_sort,122,36,123,821
7,selection_sort,122,37,122,4414
7,selection_sort,122,38,122,945
7,selection_sort,123,36,124,873
7,selection_sort,123,37,123,4485
7,selection_sort,123,38,123,946
7,selection_sort,124,36,125,693
7,selection_sort,124,37,124,4609
7,selection_sort,124,38,124,919
7,selection_sort,125,36,126,707
7,selection_sort,125,37,125,4682
7,selection_sort,125,38,125,959
7,selection_sort,126,36,127,802
7,selection_sort,126,37,126,5021
7,selection_sort,126,38,126,1060
7,selection_sort,127,36,128,789
7,selection_sort,127,37,127,5346
7,selection_sort,127,38,127,1276
7,selection_sort,128,36,129,584
7,selection_sort,128,37,128,4755
7,selection_sort,128,38,128,1088
7,selection_sort,129,36,130,713
7,selection_sort,129,37,129,4716
7,selection_sort,129,38,129,984
7,selection_sort,130,36,131,843
7,selection_sort,130,37,130,4655
7,selection_sort,130,38,130,1112
7,selection_sort,131,36,132,707
7,selection_sort,131,37,131,4773
7,selection_sort,131,38,131,1225
7,selection_sort,132,36,133,600
7,selection_sort,132,37,132,4914
7,selection_sort,132,38,132,1104
7,selection_sort,133,36,134,718
7,selection_sort,133,37,133,4809
7,selection_sort,133,38,133,1061
7,selection_sort,134,36,135,851
7,selection_sort,134,37,134,4994
7,selection_sort,134,38,134,1122
7,selection_sort,135,36,136,736
7,selection_sort,135,37,135,4773
7,selection_sort,135,38,135,1236
7,selection_sort,136,36,137,727
7,selection_sort,136,37,136,4914
7,selection_sort,136,38,136,1250
7,selection_sort,137,36,138,597
7,selection_sort,137,37,137,5063
7,selection_sort,137,38,137,1127
7,selection_sort,138,36,139,737
7,selection_sort,138,37,138,5222
7,selection_sort,138,38,138,1027
7,selection_sort,139,36,140,874
7,selection_sort,139,37,139,5101
7,selection_sort,139,38,139,1126
7,selection_sort,140,36,141,729
7,selection_sort,140,37,140,4927
7,selection_sort,140,38,140,1123
7,selection_sort,141,36,142,734
7,selection_sort,141,37,141,5104
7,selection_sort,141,38,141,1286
7,selection_sort,142,36,143,611
7,selection_sort,142,37,142,5301
7,selection_sort,142,38,142,1128
7,selection_sort,143,36,144,733
7,selection_sort,143,37,143,5322
7,selection_sort,143,38,143,1023
7,selection_sort,144,36,145,904
7,selection_sort,144,37,144,5185
7,selection_sort,144,38,144,1156
7,selection_sort,145,36,146,879
7,selection_sort,145,37,145,5204
7,selection_sort,145,38,145,1330
7,selection_sort,146,36,147,736
7,selection_sort,146,37,146,5221
7,selection_sort,146,38,146,1269
7,selection_sort,147,36,148,622
7,selection_sort,147,37,147,5613
7,selection_sort,147,38,147,1167
7,selection_sort,148,36,149,743
7,selection_sort,148,37,148,5453
7,selection_sort,148,38,148,1161
7,selection_sort,149,36,150,754
7,selection_sort,149,37,149,5281
7,selection_sort,149,38,149,1297
7,selection_sort,150,36,151,753
7,selection_sort,150,37,150,5543
7,selection_sort,150,38,150,1040
7,selection_sort,151,36,152,754
7,selection_sort,151,37,151,5353
7,selection_sort,151,38,151,1337
7,selection_sort,152,36,153,752
7,selection_sort,152,37,152,5615
7,selection_sort,152,38,152,1034
7,selection_sort,153,36,154,752
7,selection_sort,153,37,153,5475
7,selection_sort,153,38,153,1279
7,selection_sort,154,36,155,757
7,selection_sort,154,37,154,5675
7,selection_sort,154,38,154,1174
7,selection_sort,155,36,156,884
7,selection_sort,155,37,155,5571
7,selection_sort,155,38,155,1224
7,selection_sort,156,36,157,629
7,selection_sort,156,37,156,5676
7,selection_sort,156,38,156,1316
7,selection_sort,157,36,158,894
7,selection_sort,157,37,157,5679
7,selection_sort,157,38,157,1196
7,selection_sort,158,36,159,642
7,selection_sort,158,37,158,5619
7,selection_sort,158,38,158,1301
7,selection_sort,159,36,160,891
7,selection_sort,159,37,159,5787
7,selection_sort,159,38,159,1066
7,selection_sort,160,36,161,764
7,selection_sort,160,37,160,6036
7,selection_sort,160,38,160,1298
7,selection_sort,161,36,162,897
7,selection_sort,161,37,161,5955
7,selection_sort,161,38,161,1079
7,selection_sort,162,36,163,752
7,selection_sort,162,37,162,5805
7,selection_sort,162,38,162,1300
7,selection_sort,163,36,164,768
7,selection_sort,163,37,163,6024
7,selection_sort,163,38,163,1214
7,selection_sort,164,36,165,930
7,selection_sort,164,37,164,5727
7,selection_sort,164,38,164,1324
7,selection_sort,165,36,166,778
7,selection_sort,165,37,165,6046
7,selection_sort,165,38,165,1203
7,selection_sort,166,36,167,975
7,selection_sort,166,37,166,6602
7,selection_sort,166,38,166,1287
7,selection_sort,167,36,168,655
7,selection_sort,167,37,167,6142
7,selection_sort,167,38,167,1338
7,selection_sort,168,36,169,894
7,selection_sort,168,37,168,5993
7,selection_sort,168,38,168,1196
7,selection_sort,169,36,170,764
7,selection_sort,169,37,169,6059
7,selection_sort,169,38,169,1320
7,selection_sort,170,36,171,897
7,selection_sort,170,37,170,6104
7,selection_sort,170,38,170,1130
7,selection_sort,171,36,172,810
7,selection_sort,171,37,171,6119
7,selection_sort,171,38,171,1340
7,selection_sort,172,36,173,1030
7,selection_sort,172,37,172,6228
7,selection_sort,172,38,172,1244
7,selection_sort,173,36,174,780
7,selection_sort,173,37,173,6145
7,selection_sort,173,38,173,1354
7,selection_sort,174,36,175,899
7,selection_sort,174,37,174,6040
7,selection_sort,174,38,174,1333
7,selection_sort,175,36,176,916
7,selection_sort,175,37,175,6357
7,selection_sort,175,38,175,1235
7,selection_sort,176,36,177,774
7,selection_sort,176,37,176,6179
7,selection_sort,176,38,176,1380
7,selection_sort,177,36,178,923
7,selection_sort,177,37,177,6107
7,selection_sort,177,38,177,1355
7,selection_sort,178,36,179,916
7,selection_sort,178,37,178,6436
7,selection_sort,178,38,178,1112
7,selection_sort,179,36,180,801
7,selection_sort,179,37,179,6570
7,selection_sort,179,38,179,1254
7,selection_sort,180,36,181,932
7,selection_sort,180,37,180,6504
7,selection_sort,180,38,180,1384
7,selection_sort,181,36,182,933
7,selection_sort,181,37,181,6477
7,selection_sort,181,38,181,1229
7,selection_sort,182,36,183,804
7,selection_sort,182,37,182,6582
7,selection_sort,182,38,182,1230
7,selection_sort,183,36,184,805
7,selection_sort,183,37,183,6600
7,selection_sort,183,38,183,1370
7,selection_sort,184,36,185,922
7,selection_sort,184,37,184,6468
7,selection_sort,184,38,184,1336
7,selection_sort,185,36,186,933
7,selection_sort,185,37,185,6641
7,selection_sort,185,38,185,1120
7,selection_sort,186,36,187,807
7,selection_sort,186,37,186,6689
7,selection_sort,186,38,186,1369
7,selection_sort,187,36,188,921
7,selection_sort,187,37,187,6654
7,selection_sort,187,38,187,1371
7,selection_sort,188,36,189,929
7,selection_sort,188,37,188,6661
7,selection_sort,188,38,188,1265
7,selection_sort,189,36,190,803
7,selection_sort,189,37,189,6844
7,selection_sort,189,38,189,1268
7,selection_sort,190,36,191,808
7,selection_sort,190,37,190,6832
7,selection_sort,190,38,190,1385
7,selection_sort,191,36,192,981
7,selection_sort,191,37,191,7197
7,selection_sort,191,38,191,2493
7,selection_sort,192,36,193,850
7,selection_sort,192,37,192,7449
7,selection_sort,192,38,192,1327
7,selection_sort,193,36,194,817
7,selection_sort,193,37,193,6975
7,selection_sort,193,38,193,1422
7,selection_sort,194,36,195,951
7,selection_sort,194,37,194,7106
7,selection_sort,194,38,194,1253
7,selection_sort,195,36,196,838
7,selection_sort,195,37,195,7349
7,selection_sort,195,38,195,1261
7,selection_sort,196,36,197,840
7,selection_sort,196,37,196,7158
7,selection_sort,196,38,196,1436
7,selection_sort,197,36,198,980
7,selection_sort,197,37,197,7206
7,selection_sort,197,38,197,1329
7,selection_sort,198,36,199,842
7,selection_sort,198,37,198,7439
7,selection_sort,198,38,198,1281
7,selection_sort,199,36,200,970
7,selection_sort,199,37,199,7297
7,selection_sort,199,38,199,1468
7,selection_sort,200,36,201,846
7,selection_sort,200,37,200,7528
7,selection_sort,200,38,200,1320
7,selection_sort,201,36,202,837
7,selection_sort,201,37,201,7551
7,selection_sort,201,38,201,1314
7,selection_sort,202,36,203,862
7,selection_sort,202,37,202,7810
7,selection_sort,202,38,202,1356
7,selection_sort,203,36,204,895
7,selection_sort,203,37,203,8147
7,selection_sort,203,38,203,1543
7,selection_sort,204,36,205,861
7,selection_sort,204,37,204,7952
7,selection_sort,204,38,204,1486
7,selection_sort,205,36,206,968
7,selection_sort,205,37,205,7888
7,selection_sort,205,38,205,1445
7,selection_sort,206,36,207,883
7,selection_sort,206,37,206,7885
7,selection_sort,206,38,206,1506
7,selection_sort,207,36,208,881
7,selection_sort,207,37,207,7902
7,selection_sort,207,38,207,1491
7,selection_sort,208,36,209,853
7,selection_sort,208,37,208,7856
7,selection_sort,208,38,208,1464
7,selection_sort,209,36,210,1003
7,selection_sort,209,37,209,7924
7,selection_sort,209,38,209,1516
7,selection_sort,210,36,211,1015
7,selection_sort,210,37,210,7943
7,selection_sort,210,38,210,1534
7,selection_sort,211,36,212,1002
7,selection_sort,211,37,211,8202
7,selection_sort,211,38,211,1497
7,selection_sort,212,36,213,1015
7,selection_sort,212,37,212,8060
7,selection_sort,212,38,212,1523
7,selection_sort,213,36,214,1054
7,selection_sort,213,37,213,8914
7,selection_sort,213,38,213,1483
7,selection_sort,214,36,215,1081
7,selection_sort,214,37,214,8766
7,selection_sort,214,38,214,1512
7,selection_sort,215,36,216,1079
7,selection_sort,215,37,215,9270
7,selection_sort,215,38,215,1633
7,selection_sort,216,36,217,1072
7,selection_sort,216,37,216,8431
7,selection_sort,216,38,216,1413
7,selection_sort,217,36,218,905
7,selection_sort,217,37,217,8581
7,selection_sort,217,38,217,1430
7,selection_sort,218,36,219,925
7,selection_sort,218,37,218,8591
7,selection_sort,218,38,218,1575
7,selection_sort,219,36,220,1033
7,selection_sort,219,37,219,8695
7,selection_sort,219,38,219,1579
7,selection_sort,220,36,221,983
7,selection_sort,220,37,220,9216
7,selection_sort,220,38,220,1669
7,selection_sort,221,36,222,1096
7,selection_sort,221,37,221,9191
7,selection_sort,221,38,221,1678
7,selection_sort,222,36,223,1083
7,selection_sort,222,37,222,9157
7,selection_sort,222,38,222,1640
7,selection_sort,223,36,224,1110
7,selection_sort,223,37,223,9338
7,selection_sort,223,38,223,1732
7,selection_sort,224,36,225,1039
7,selection_sort,224,37,224,9193
7,selection_sort,224,38,224,1496
7,selection_sort,225,36,226,1057
7,selection_sort,225,37,225,9072
7,selection_sort,225,38,225,1493
7,selection_sort,226,36,227,988
7,selection_sort,226,37,226,9577
7,selection_sort,226,38,226,1707
7,selection_sort,227,36,228,1079
7,selection_sort,227,37,227,9376
7,selection_sort,227,38,227,1654
7,selection_sort,228,36,229,1071
7,selection_sort,228,37,228,9258
7,selection_sort,228,38,228,1680
7,selection_sort,229,36,230,1090
7,selection_sort,229,37,229,9435
7,selection_sort,229,38,229,1673
7,selection_sort,230,36,231,1133
7,selection_sort,230,37,230,9877
7,selection_sort,230,38,230,1735
7,selection_sort,231,36,232,1136
7,selection_sort,231,37,231,10062
7,selection_sort,231,38,231,1603
7,selection_sort,232,36,233,992
7,selection_sort,232,37,232,10328
7,selection_sort,232,38,232,1724
7,selection_sort,233,36,234,1104
7,selection_sort,233,37,233,9834
7,selection_sort,233,38,233,1555
7,selection_sort,234,36,235,1099
7,selection_sort,234,37,234,9611
7,selection_sort,234,38,234,1523
7,selection_sort,235,36,236,1103
7,selection_sort,235,37,235,9674
7,selection_sort,235,38,235,1672
7,selection_sort,236,36,237,1130
7,selection_sort,236,37,236,9591
7,selection_sort,236,38,236,1715
7,selection_sort,237,36,238,1118
7,selection_sort,237,37,237,9811
7,selection_sort,237,38,237,1709
7,selection_sort,238,36,239,1010
7,selection_sort,238,37,238,9895
7,selection_sort,238,38,238,1655
7,selection_sort,239,36,240,1165
7,selection_sort,239,37,239,10647
7,selection_sort,239,38,239,1668
7,selection_sort,240,36,241,1102
7,selection_sort,240,37,240,10220
7,selection_sort,240,38,240,1746
7,selection_sort,241,36,242,1184
7,selection_sort,241,37,241,10442
7,selection_sort,241,38,241,1762
7,selection_sort,242,36,243,1146
7,selection_sort,242,37,242,10304
7,selection_sort,242,38,242,1723
7,selection_sort,243,36,244,1130
7,selection_sort,243,37,243,10177
7,selection_sort,243,38,243,1689
7,selection_sort,244,36,245,1128
7,selection_sort,244,37,244,10270
7,selection_sort,244,38,244,1722
7,selection_sort,245,36,246,1009
7,selection_sort,245,37,245,10364
7,selection_sort,245,38,245,1709
7,selection_sort,246,36,247,1145
7,selection_sort,246,37,246,10400
7,selection_sort,246,38,246,1626
7,selection_sort,247,36,248,1167
7,selection_sort,247,37,247,10492
7,selection_sort,247,38,247,1754
7,selection_sort,248,36,249,1265
7,selection_sort,248,37,248,11220
7,selection_sort,248,38,248,1842
7,selection_sort,249,36,250,1193
7,selection_sort,249,37,249,11264
7,selection_sort,249,38,249,1795
7,selection_sort,250,36,251,1143
7,selection_sort,250,37,250,10763
7,selection_sort,250,38,250,1766
7,selection_sort,251,36,252,1140
7,selection_sort,251,37,251,10749
7,selection_sort,251,38,251,1766
7,selection_sort,252,36,253,1163
7,selection_sort,252,37,252,10806
7,selection_sort,252,38,252,1749
7,selection_sort,253,36,254,1162
7,selection_sort,253,37,253,10902
7,selection_sort,253,38,253,1772
7,selection_sort,254,36,255,1160
7,selection_sort,254,37,254,10941
7,selection_sort,254,38,254,1782
7,selection_sort,255,36,256,1168
7,selection_sort,255,37,255,11059
7,selection_sort,255,38,255,1799
7,selection_sort,256,36,257,1164
7,selection_sort,256,37,256,11206
7,selection_sort,256,38,256,1774
7,selection_sort,257,36,258,1240
7,selection_sort,257,37,257,12024
7,selection_sort,257,38,257,1891
7,selection_sort,258,36,259,1200
7,selection_sort,258,37,258,11727
7,selection_sort,258,38,258,1848
7,selection_sort,259,36,260,1137
7,selection_sort,259,37,259,11550
7,selection_sort,259,38,259,1718
7,selection_sort,260,36,261,1178
7,selection_sort,260,37,260,11719
7,selection_sort,260,38,260,1778
7,selection_sort,261,36,262,1196
7,selection_sort,261,37,261,11831
7,selection_sort,261,38,261,1781
7,selection_sort,262,36,263,1181
7,selection_sort,262,37,262,11888
7,selection_sort,262,38,262,1800
7,selection_sort,263,36,264,1213
7,selection_sort,263,37,263,12249
7,selection_sort,263,38,263,1813
7,selection_sort,264,36,265,1266
7,selection_sort,264,37,264,12714
7,selection_sort,264,38,264,1898
7,selection_sort,265,36,266,1244
7,selection_sort,265,37,265,12786
7,selection_sort,265,38,265,1861
7,selection_sort,266,36,267,1202
7,selection_sort,266,37,266,12344
7,selection_sort,266,38,266,1828
7,selection_sort,267,36,268,1221
7,selection_sort,267,37,267,12628
7,selection_sort,267,38,267,1837
7,selection_sort,268,36,269,1206
7,selection_sort,268,37,268,12606
7,selection_sort,268,38,268,1832
7,selection_sort,269,36,270,1259
7,selection_sort,269,37,269,12767
7,selection_sort,269,38,269,1845
7,selection_sort,270,36,271,1194
7,selection_sort,270,37,270,13083
7,selection_sort,270,38,270,1825
7,selection_sort,271,36,272,1370
7,selection_sort,271,37,271,13192
7,selection_sort,271,38,271,1869
7,selection_sort,272,36,273,1291
7,selection_sort,272,37,272,14008
7,selection_sort,272,38,272,1977
7,selection_sort,273,36,274,1238
7,selection_sort,273,37,273,13234
7,selection_sort,273,38,273,1862
7,selection_sort,274,36,275,1219
7,selection_sort,274,37,274,13399
7,selection_sort,274,38,274,1881
7,selection_sort,275,36,276,1258
7,selection_sort,275,37,275,13561
7,selection_sort,275,38,275,1872
7,selection_sort,276,36,277,1274
7,selection_sort,276,37,276,13642
7,selection_sort,276,38,276,1873
7,selection_sort,277,36,278,1235
7,selection_sort,277,37,277,13935
7,selection_sort,277,38,277,1876
7,selection_sort,278,36,279,1269
7,selection_sort,278,37,278,13931
7,selection_sort,278,38,278,1841
7,selection_sort,279,36,280,1337
7,selection_sort,279,37,279,14936
7,selection_sort,279,38,279,2026
7,selection_sort,280,36,281,1244
7,selection_sort,280,37,280,14102
7,selection_sort,280,38,280,1908
7,selection_sort,281,36,282,1259
7,selection_sort,281,37,281,14354
7,selection_sort,281,38,281,1925
7,selection_sort,282,36,283,1416
7,selection_sort,282,37,282,14424
7,selection_sort,282,38,282,1927
7,selection_sort,283,36,284,1388
7,selection_sort,283,37,283,14643
7,selection_sort,283,38,283,1932
7,selection_sort,284,36,285,1273
7,selection_sort,284,37,284,14622
7,selection_sort,284,38,284,2060
7,selection_sort,285,36,286,1259
7,selection_sort,285,37,285,15314
7,selection_sort,285,38,285,1968
7,selection_sort,286,36,287,1438
7,selection_sort,286,37,286,15164
7,selection_sort,286,38,286,1983
7,selection_sort,287,36,288,1404
7,selection_sort,287,37,287,14977
7,selection_sort,287,38,287,1977
7,selection_sort,288,36,289,1289
7,selection_sort,288,37,288,15124
7,selection_sort,288,38,288,2121
7,selection_sort,289,36,290,1286
7,selection_sort,289,37,289,15458
7,selection_sort,289,38,289,2102
7,selection_sort,290,36,291,1302
7,selection_sort,290,37,290,15476
7,selection_sort,290,38,290,1999
7,selection_sort,291,36,292,1477
7,selection_sort,291,37,291,16545
7,selection_sort,291,38,291,2026
7,selection_sort,292,36,293,1288
7,selection_sort,292,37,292,15838
7,selection_sort,292,38,292,1970
7,selection_sort,293,36,294,1303
7,selection_sort,293,37,293,15806
7,selection_sort,293,38,293,2009
7,selection_sort,294,36,295,1410
7,selection_sort,294,37,294,15959
7,selection_sort,294,38,294,1935
7,selection_sort,295,36,296,1464
7,selection_sort,295,37,295,16151
7,selection_sort,295,38,295,2116
7,selection_sort,296,36,297,1327
7,selection_sort,296,37,296,16221
7,selection_sort,296,38,296,2080
7,selection_sort,297,36,298,1391
7,selection_sort,297,37,297,17187
7,selection_sort,297,38,297,2080
7,selection_sort,298,36,299,1469
7,selection_sort,298,37,298,17108
7,selection_sort,298,38,298,2050
7,selection_sort,299,36,300,1319
7,selection_sort,299,37,299,16761
7,selection_sort,299,38,299,2159
7,selection_sort,300,36,301,1347
7,selection_sort,300,37,300,17011
7,selection_sort,300,38,300,2146
7,selection_sort,301,36,302,1336
7,selection_sort,301,37,301,17138
7,selection_sort,301,38,301,2023
7,selection_sort,302,36,303,1474
7,selection_sort,302,37,302,17206
7,selection_sort,302,38,302,2019
7,selection_sort,303,36,304,1540
7,selection_sort,303,37,303,18127
7,selection_sort,303,38,303,2252
7,selection_sort,304,36,305,1425
7,selection_sort,304,37,304,18548
7,selection_sort,304,38,304,2296
7,selection_sort,305,36,306,1448
7,selection_sort,305,37,305,18815
7,selection_sort,305,38,305,2156
7,selection_sort,306,36,307,1554
7,selection_sort,306,37,306,18910
7,selection_sort,306,38,306,2234
7,selection_sort,307,36,308,1551
7,selection_sort,307,37,307,19015
7,selection_sort,307,38,307,2194
7,selection_sort,308,36,309,1443
7,selection_sort,308,37,308,19211
7,selection_sort,308,38,308,2333
7,selection_sort,309,36,310,1576
7,selection_sort,309,37,309,19496
7,selection_sort,309,38,309,2161
7,selection_sort,310,36,311,1467
7,selection_sort,310,37,310,19469
7,selection_sort,310,38,310,2287
7,selection_sort,311,36,312,1581
7,selection_sort,311,37,311,19552
7,selection_sort,311,38,311,2235
7,selection_sort,312,36,313,1456
7,selection_sort,312,37,312,19575
7,selection_sort,312,38,312,2332
7,selection_sort,313,36,314,1572
7,selection_sort,313,37,313,19773
7,selection_sort,313,38,313,2224
7,selection_sort,314,36,315,1464
7,selection_sort,314,37,314,19974
7,selection_sort,314,38,314,2347
7,selection_sort,315,36,316,1579
7,selection_sort,315,37,315,20411
7,selection_sort,315,38,315,2258
7,selection_sort,316,36,317,1596
7,selection_sort,316,37,316,20467
7,selection_sort,316,38,316,2360
7,selection_sort,317,36,318,1595
7,selection_sort,317,37,317,20443
7,selection_sort,317,38,317,2303
7,selection_sort,318,36,319,1484
7,selection_sort,318,37,318,20792
7,selection_sort,318,38,318,2257
7,selection_sort,319,36,320,1611
7,selection_sort,319,37,319,20483
7,selection_sort,319,38,319,2249
7,selection_sort,320,36,321,1490
7,selection_sort,320,37,320,20902
7,selection_sort,320,38,320,2284
7,selection_sort,321,36,322,1709
7,selection_sort,321,37,321,20652
7,selection_sort,321,38,321,2288
7,selection_sort,322,36,323,1499
7,selection_sort,322,37,322,21202
7,selection_sort,322,38,322,2351
7,selection_sort,323,36,324,1633
7,selection_sort,323,37,323,21267
7,selection_sort,323,38,323,2296
7,selection_sort,324,36,325,1498
7,selection_sort,324,37,324,21267
7,selection_sort,324,38,324,2501
7,selection_sort,325,36,326,1660
7,selection_sort,325,37,325,21288
7,selection_sort,325,38,325,2309
7,selection_sort,326,36,327,1510
7,selection_sort,326,37,326,21611
7,selection_sort,326,38,326,2429
7,selection_sort,327,36,328,1511
7,selection_sort,327,37,327,21799
7,selection_sort,327,38,327,2404
7,selection_sort,328,36,329,1820
7,selection_sort,328,37,328,22101
7,selection_sort,328,38,328,2308
7,selection_sort,329,36,330,1491
7,selection_sort,329,37,329,22072
7,selection_sort,329,38,329,2449
7,selection_sort,330,36,331,1651
7,selection_sort,330,37,330,21985
7,selection_sort,330,38,330,2313
7,selection_sort,331,36,332,1524
7,selection_sort,331,37,331,22225
7,selection_sort,331,38,331,2423
7,selection_sort,332,36,333,1651
7,selection_sort,332,37,332,22577
7,selection_sort,332,38,332,2321
7,selection_sort,333,36,334,1429
7,selection_sort,333,37,333,22889
7,selection_sort,333,38,333,2514
7,selection_sort,334,36,335,1692
7,selection_sort,334,37,334,22772
7,selection_sort,334,38,334,2325
7,selection_sort,335,36,336,1661
7,selection_sort,335,37,335,22861
7,selection_sort,335,38,335,2526
7,selection_sort,336,36,337,1537
7,selection_sort,336,37,336,23305
7,selection_sort,336,38,336,2354
7,selection_sort,337,36,338,1593
7,selection_sort,337,37,337,23200
7,selection_sort,337,38,337,2524
7,selection_sort,338,36,339,1592
7,selection_sort,338,37,338,23893
7,selection_sort,338,38,338,2524
7,selection_sort,339,36,340,1675
7,selection_sort,339,37,339,24019
7,selection_sort,339,38,339,2404
7,selection_sort,340,36,341,1581
7,selection_sort,340,37,340,24142
7,selection_sort,340,38,340,2749
7,selection_sort,341,36,342,1759
7,selection_sort,341,37,341,24695
7,selection_sort,341,38,341,2427
7,selection_sort,342,36,343,1657
7,selection_sort,342,37,342,24337
7,selection_sort,342,38,342,2499
7,selection_sort,343,36,344,1615
7,selection_sort,343,37,343,24203
7,selection_sort,343,38,343,2520
7,selection_sort,344,36,345,1875
7,selection_sort,344,37,344,24484
7,selection_sort,344,38,344,2396
7,selection_sort,345,36,346,1563
7,selection_sort,345,37,345,24899
7,selection_sort,345,38,345,2547
7,selection_sort,346,36,347,1682
7,selection_sort,346,37,346,24867
7,selection_sort,346,38,346,2410
7,selection_sort,347,36,348,1667
7,selection_sort,347,37,347,24909
7,selection_sort,347,38,347,2542
7,selection_sort,348,36,349,1592
7,selection_sort,348,37,348,28213
7,selection_sort,348,38,348,2593
7,selection_sort,349,36,350,1831
7,selection_sort,349,37,349,25188
7,selection_sort,349,38,349,2385
7,selection_sort,350,36,351,1500
7,selection_sort,350,37,350,25503
7,selection_sort,350,38,350,2634
7,selection_sort,351,36,352,1738
7,selection_sort,351,37,351,25928
7,selection_sort,351,38,351,2483
7,selection_sort,352,36,353,1730
7,selection_sort,352,37,352,25987
7,selection_sort,352,38,352,2625
7,selection_sort,353,36,354,1744
7,selection_sort,353,37,353,26414
7,selection_sort,353,38,353,2459
7,selection_sort,354,36,355,1633
7,selection_sort,354,37,354,27834
7,selection_sort,354,38,354,2666
7,selection_sort,355,36,356,1789
7,selection_sort,355,37,355,26508
7,selection_sort,355,38,355,2611
7,selection_sort,356,36,357,1892
7,selection_sort,356,37,356,26684
7,selection_sort,356,38,356,2527
7,selection_sort,357,36,358,1608
7,selection_sort,357,37,357,26931
7,selection_sort,357,38,357,2625
7,selection_sort,358,36,359,4070
7,selection_sort,358,37,358,55786
7,selection_sort,358,38,358,5921
7,selection_sort,359,36,360,2180
7,selection_sort,359,37,359,30875
7,selection_sort,359,38,359,2977
7,selection_sort,360,36,361,1895
7,selection_sort,360,37,360,30689
7,selection_sort,360,38,360,2983
7,selection_sort,361,36,362,2044
7,selection_sort,361,37,361,34599
7,selection_sort,361,38,361,3395
7,selection_sort,362,36,363,3613
7,selection_sort,362,37,362,46181
7,selection_sort,362,38,362,5025
7,selection_sort,363,36,364,3813
7,selection_sort,363,37,363,75488
7,selection_sort,363,38,363,6334
7,selection_sort,364,36,365,3577
7,selection_sort,364,37,364,69104
7,selection_sort,364,38,364,5975
7,selection_sort,365,36,366,3697
7,selection_sort,365,37,365,64809
7,selection_sort,365,38,365,5276
7,selection_sort,366,36,367,3393
7,selection_sort,366,37,366,66902
7,selection_sort,366,38,366,5985
7,selection_sort,367,36,368,3317
7,selection_sort,367,37,367,55131
7,selection_sort,367,38,367,5052
7,selection_sort,368,36,369,3331
7,selection_sort,368,37,368,55644
7,selection_sort,368,38,368,4789
7,selection_sort,369,36,370,3340
7,selection_sort,369,37,369,59429
7,selection_sort,369,38,369,5242
7,selection_sort,370,36,371,2838
7,selection_sort,370,37,370,52242
7,selection_sort,370,38,370,4383
7,selection_sort,371,36,372,2882
7,selection_sort,371,37,371,51955
7,selection_sort,371,38,371,4816
7,selection_sort,372,36,373,3887
7,selection_sort,372,37,372,75944
7,selection_sort,372,38,372,6133
7,selection_sort,373,36,374,2627
7,selection_sort,373,37,373,50962
7,selection_sort,373,38,373,4166
7,selection_sort,374,36,375,2380
7,selection_sort,374,37,374,39983
7,selection_sort,374,38,374,3673
7,selection_sort,375,36,376,2501
7,selection_sort,375,37,375,40790
7,selection_sort,375,38,375,3482
7,selection_sort,376,36,377,2363
7,selection_sort,376,37,376,41544
7,selection_sort,376,38,376,3640
7,selection_sort,377,36,378,2236
7,selection_sort,377,37,377,39327
7,selection_sort,377,38,377,3339
7,selection_sort,378,36,379,2093
7,selection_sort,378,37,378,36404
7,selection_sort,378,38,378,3127
7,selection_sort,379,36,380,1920
7,selection_sort,379,37,379,35217
7,selection_sort,379,38,379,3137
7,selection_sort,380,36,381,2258
7,selection_sort,380,37,380,34771
7,selection_sort,380,38,380,3025
7,selection_sort,381,36,382,1821
7,selection_sort,381,37,381,34111
7,selection_sort,381,38,381,2910
7,selection_sort,382,36,383,1967
7,selection_sort,382,37,382,33662
7,selection_sort,382,38,382,2877
7,selection_sort,383,36,384,1955
7,selection_sort,383,37,383,34383
7,selection_sort,383,38,383,2777
7,selection_sort,384,36,385,1986
7,selection_sort,384,37,384,36067
7,selection_sort,384,38,384,4742
7,selection_sort,385,36,386,1984
7,selection_sort,385,37,385,33055
7,selection_sort,385,38,385,2662
7,selection_sort,386,36,387,1882
7,selection_sort,386,37,386,33058
7,selection_sort,386,38,386,3068
7,selection_sort,387,36,388,2066
7,selection_sort,387,37,387,33118
7,selection_sort,387,38,387,2882
7,selection_sort,388,36,389,1843
7,selection_sort,388,37,388,33801
7,selection_sort,388,38,388,2861
7,selection_sort,389,36,390,2060
7,selection_sort,389,37,389,34005
7,selection_sort,389,38,389,2932
7,selection_sort,390,36,391,1978
7,selection_sort,390,37,390,34262
7,selection_sort,390,38,390,2893
7,selection_sort,391,36,392,1870
7,selection_sort,391,37,391,35697
7,selection_sort,391,38,391,3116
7,selection_sort,392,36,393,2165
7,selection_sort,392,37,392,35364
7,selection_sort,392,38,392,2863
7,selection_sort,393,36,394,1871
7,selection_sort,393,37,393,35165
7,selection_sort,393,38,393,3101
7,selection_sort,394,36,395,2081
7,selection_sort,394,37,394,36046
7,selection_sort,394,38,394,2898
7,selection_sort,395,36,396,1775
7,selection_sort,395,37,395,36181
7,selection_sort,395,38,395,3121
7,selection_sort,396,36,397,2016
7,selection_sort,396,37,396,35542
7,selection_sort,396,38,396,2904
7,selection_sort,397,36,398,1887
7,selection_sort,397,37,397,36417
7,selection_sort,397,38,397,3070
7,selection_sort,398,36,399,2783
7,selection_sort,398,37,398,53078
7,selection_sort,398,38,398,4131
7,selection_sort,399,36,400,2856
7,selection_sort,399,37,399,53900
7,selection_sort,399,38,399,4658
7,selection_sort,400,36,401,2588
7,selection_sort,400,37,400,41582
7,selection_sort,400,38,400,3625
7,selection_sort,401,36,402,2495
7,selection_sort,401,37,401,39658
7,selection_sort,401,38,401,3513
7,selection_sort,402,36,403,2236
7,selection_sort,402,37,402,39628
7,selection_sort,402,38,402,3301
7,selection_sort,403,36,404,2216
7,selection_sort,403,37,403,42306
7,selection_sort,403,38,403,3459
7,selection_sort,404,36,405,1792
7,selection_sort,404,37,404,36735
7,selection_sort,404,38,404,3091
7,selection_sort,405,36,406,1978
7,selection_sort,405,37,405,37800
7,selection_sort,405,38,405,3124
7,selection_sort,406,36,407,2102
7,selection_sort,406,37,406,38446
7,selection_sort,406,38,406,3185
7,selection_sort,407,36,408,2158
7,selection_sort,407,37,407,37521
7,selection_sort,407,38,407,3075
7,selection_sort,408,36,409,2111
7,selection_sort,408,37,408,36683
7,selection_sort,408,38,408,2896
7,selection_sort,409,36,410,1950
7,selection_sort,409,37,409,36825
7,selection_sort,409,38,409,2981
7,selection_sort,410,36,411,1818
7,selection_sort,410,37,410,38402
7,selection_sort,410,38,410,3147
7,selection_sort,411,36,412,2032
7,selection_sort,411,37,411,38453
7,selection_sort,411,38,411,3240
7,selection_sort,412,36,413,2160
7,selection_sort,412,37,412,38423
7,selection_sort,412,38,412,3104
7,selection_sort,413,36,414,2144
7,selection_sort,413,37,413,39619
7,selection_sort,413,38,413,2954
7,selection_sort,414,36,415,2089
7,selection_sort,414,37,414,38381
7,selection_sort,414,38,414,3160
7,selection_sort,415,36,416,2148
7,selection_sort,415,37,415,38909
7,selection_sort,415,38,415,3529
7,selection_sort,416,36,417,2224
7,selection_sort,416,37,416,42966
7,selection_sort,416,38,416,3317
7,selection_sort,417,36,418,2216
7,selection_sort,417,37,417,39079
7,selection_sort,417,38,417,3041
7,selection_sort,418,36,419,3346
7,selection_sort,418,37,418,62866
7,selection_sort,418,38,418,5439
7,selection_sort,419,36,420,2935
7,selection_sort,419,37,419,64903
7,selection_sort,419,38,419,4738
7,selection_sort,420,36,421,2595
7,selection_sort,420,37,420,66446
7,selection_sort,420,38,420,4444
7,selection_sort,421,36,422,2156
7,selection_sort,421,37,421,39504
7,selection_sort,421,38,421,3195
7,selection_sort,422,36,423,2251
7,selection_sort,422,37,422,39256
7,selection_sort,422,38,422,3104
7,selection_sort,423,36,424,2161
7,selection_sort,423,37,423,39873
7,selection_sort,423,38,423,3166
7,selection_sort,424,36,425,2177
7,selection_sort,424,37,424,40060
7,selection_sort,424,38,424,3345
7,selection_sort,425,36,426,2232
7,selection_sort,425,37,425,39896
7,selection_sort,425,38,425,3319
7,selection_sort,426,36,427,2254
7,selection_sort,426,37,426,39906
7,selection_sort,426,38,426,3148
7,selection_sort,427,36,428,2962
7,selection_sort,427,37,427,47140
7,selection_sort,427,38,427,4269
7,selection_sort,428,36,429,3033
7,selection_sort,428,37,428,70778
7,selection_sort,428,38,428,4640
7,selection_sort,429,36,430,2562
7,selection_sort,429,37,429,44294
7,selection_sort,429,38,429,3682
7,selection_sort,430,36,431,2540
7,selection_sort,430,37,430,44685
7,selection_sort,430,38,430,3656
7,selection_sort,431,36,432,2560
7,selection_sort,431,37,431,46355
7,selection_sort,431,38,431,3886
7,selection_sort,432,36,433,2934
7,selection_sort,432,37,432,68302
7,selection_sort,432,38,432,4561
7,selection_sort,433,36,434,2657
7,selection_sort,433,37,433,45704
7,selection_sort,433,38,433,3896
7,selection_sort,434,36,435,2264
7,selection_sort,434,37,434,44685
7,selection_sort,434,38,434,3113
7,selection_sort,435,36,436,2155
7,selection_sort,435,37,435,43286
7,selection_sort,435,38,435,3353
7,selection_sort,436,36,437,2115
7,selection_sort,436,37,436,43708
7,selection_sort,436,38,436,3334
7,selection_sort,437,36,438,2285
7,selection_sort,437,37,437,44249
7,selection_sort,437,38,437,3279
7,selection_sort,438,36,439,2226
7,selection_sort,438,37,438,44664
7,selection_sort,438,38,438,3248
7,selection_sort,439,36,440,2041
7,selection_sort,439,37,439,44574
7,selection_sort,439,38,439,3292
7,selection_sort,440,36,441,2302
7,selection_sort,440,37,440,44214
7,selection_sort,440,38,440,3233
7,selection_sort,441,36,442,2285
7,selection_sort,441,37,441,44819
7,selection_sort,441,38,441,3265
7,selection_sort,442,36,443,2151
7,selection_sort,442,37,442,45440
7,selection_sort,442,38,442,3401
7,selection_sort,443,36,444,2259
7,selection_sort,443,37,443,44467
7,selection_sort,443,38,443,3327
7,selection_sort,444,36,445,2295
7,selection_sort,444,37,444,44549
7,selection_sort,444,38,444,3134
7,selection_sort,445,36,446,2055
7,selection_sort,445,37,445,44888
7,selection_sort,445,38,445,6120
7,selection_sort,446,36,447,2276
7,selection_sort,446,37,446,44348
7,selection_sort,446,38,446,3445
7,selection_sort,447,36,448,2275
7,selection_sort,447,37,447,44852
7,selection_sort,447,38,447,3169
7,selection_sort,448,36,449,2032
7,selection_sort,448,37,448,44496
7,selection_sort,448,38,448,3348
7,selection_sort,449,36,450,2287
7,selection_sort,449,37,449,45300
7,selection_sort,449,38,449,3412
7,selection_sort,450,36,451,2323
7,selection_sort,450,37,450,45184
7,selection_sort,450,38,450,3200
7,selection_sort,451,36,452,2093
7,selection_sort,451,37,451,42256
7,selection_sort,451,38,451,3162
7,selection_sort,452,36,453,2161
7,selection_sort,452,37,452,43853
7,selection_sort,452,38,452,3235
7,selection_sort,453,36,454,2198
7,selection_sort,453,37,453,43194
7,selection_sort,453,38,453,3070
7,selection_sort,454,36,455,2049
7,selection_sort,454,37,454,43280
7,selection_sort,454,38,454,3187
7,selection_sort,455,36,456,2183
7,selection_sort,455,37,455,44609
7,selection_sort,455,38,455,3169
7,selection_sort,456,36,457,2046
7,selection_sort,456,37,456,42520
7,selection_sort,456,38,456,3022
7,selection_sort,457,36,458,2084
7,selection_sort,457,37,457,43223
7,selection_sort,457,38,457,3099
7,selection_sort,458,36,459,2082
7,selection_sort,458,37,458,44384
7,selection_sort,458,38,458,3285
7,selection_sort,459,36,460,2110
7,selection_sort,459,37,459,43178
7,selection_sort,459,38,459,3220
7,selection_sort,460,36,461,2130
7,selection_sort,460,37,460,44548
7,selection_sort,460,38,460,3289
7,selection_sort,461,36,462,2076
7,selection_sort,461,37,461,43747
7,selection_sort,461,38,461,3222
7,selection_sort,462,36,463,2074
7,selection_sort,462,37,462,43903
7,selection_sort,462,38,462,3224
7,selection_sort,463,36,464,2124
7,selection_sort,463,37,463,46601
7,selection_sort,463,38,463,3308
7,selection_sort,464,36,465,2207
7,selection_sort,464,37,464,44296
7,selection_sort,464,38,464,3308
7,selection_sort,465,36,466,2114
7,selection_sort,465,37,465,45191
7,selection_sort,465,38,465,3314
7,selection_sort,466,36,467,2216
7,selection_sort,466,37,466,45122
7,selection_sort,466,38,466,3149
7,selection_sort,467,36,468,2197
7,selection_sort,467,37,467,44846
7,selection_sort,467,38,467,3313
7,selection_sort,468,36,469,2176
7,selection_sort,468,37,468,47515
7,selection_sort,468,38,468,3221
7,selection_sort,469,36,470,2305
7,selection_sort,469,37,469,47965
7,selection_sort,469,38,469,3412
7,selection_sort,470,36,471,2255
7,selection_sort,470,37,470,47315
7,selection_sort,470,38,470,3450
7,selection_sort,471,36,472,2260
7,selection_sort,471,37,471,46722
7,selection_sort,471,38,471,3283
7,selection_sort,472,36,473,2162
7,selection_sort,472,37,472,47614
7,selection_sort,472,38,472,3342
7,selection_sort,473,36,474,2389
7,selection_sort,473,37,473,50059
7,selection_sort,473,38,473,3576
7,selection_sort,474,36,475,2322
7,selection_sort,474,37,474,47474
7,selection_sort,474,38,474,3408
7,selection_sort,475,36,476,2200
7,selection_sort,475,37,475,47070
7,selection_sort,475,38,475,3185
7,selection_sort,476,36,477,2123
7,selection_sort,476,37,476,48384
7,selection_sort,476,38,476,3306
7,selection_sort,477,36,478,2261
7,selection_sort,477,37,477,49534
7,selection_sort,477,38,477,3358
7,selection_sort,478,36,479,2305
7,selection_sort,478,37,478,49775
7,selection_sort,478,38,478,3372
7,selection_sort,479,36,480,2262
7,selection_sort,479,37,479,49030
7,selection_sort,479,38,479,3215
7,selection_sort,480,36,481,2279
7,selection_sort,480,37,480,49780
7,selection_sort,480,38,480,3418
7,selection_sort,481,36,482,2150
7,selection_sort,481,37,481,49399
7,selection_sort,481,38,481,3425
7,selection_sort,482,36,483,2272
7,selection_sort,482,37,482,49350
7,selection_sort,482,38,482,3286
7,selection_sort,483,36,484,2313
7,selection_sort,483,37,483,57412
7,selection_sort,483,38,483,3607
7,selection_sort,484,36,485,2306
7,selection_sort,484,37,484,48569
7,selection_sort,484,38,484,3347
7,selection_sort,485,36,486,3898
7,selection_sort,485,37,485,49596
7,selection_sort,485,38,485,3420
7,selection_sort,486,36,487,2151
7,selection_sort,486,37,486,48955
7,selection_sort,486,38,486,3368
7,selection_sort,487,36,488,2300
7,selection_sort,487,37,487,49424
7,selection_sort,487,38,487,3420
7,selection_sort,488,36,489,2348
7,selection_sort,488,37,488,50558
7,selection_sort,488,38,488,3452
7,selection_sort,489,36,490,2311
7,selection_sort,489,37,489,49603
7,selection_sort,489,38,489,3396
7,selection_sort,490,36,491,2378
7,selection_sort,490,37,490,51424
7,selection_sort,490,38,490,3471
7,selection_sort,491,36,492,2202
7,selection_sort,491,37,491,50149
7,selection_sort,491,38,491,3407
7,selection_sort,492,36,493,2428
7,selection_sort,492,37,492,51298
7,selection_sort,492,38,492,3404
7,selection_sort,493,36,494,2191
7,selection_sort,493,37,493,50582
7,selection_sort,493,38,493,3425
7,selection_sort,494,36,495,2335
7,selection_sort,494,37,494,50521
7,selection_sort,494,38,494,3372
7,selection_sort,495,36,496,2381
7,selection_sort,495,37,495,51774
7,selection_sort,495,38,495,3443
7,selection_sort,496,36,497,2357
7,selection_sort,496,37,496,51498
7,selection_sort,496,38,496,3515
7,selection_sort,497,36,498,2223
7,selection_sort,497,37,497,54338
7,selection_sort,497,38,497,3434
7,selection_sort,498,36,499,2346
7,selection_sort,498,37,498,52470
7,selection_sort,498,38,498,3483
7,selection_sort,499,36,500,2250
7,selection_sort,499,37,499,54562
7,selection_sort,499,38,499,3444
7,selection_sort,500,36,501,2342
7,selection_sort,500,37,500,53303
7,selection_sort,500,38,500,3508
7,selection_sort,501,36,502,2405
7,selection_sort,501,37,501,54395
7,selection_sort,501,38,501,3634
7,selection_sort,502,36,503,2372
7,selection_sort,502,37,502,54233
7,selection_sort,502,38,502,3542
7,selection_sort,503,36,504,2390
7,selection_sort,503,37,503,53551
7,selection_sort,503,38,503,3611
7,selection_sort,504,36,505,2417
7,selection_sort,504,37,504,52815
7,selection_sort,504,38,504,3533
7,selection_sort,505,36,506,2354
7,selection_sort,505,37,505,52682
7,selection_sort,505,38,505,3509
7,selection_sort,506,36,507,2357
7,selection_sort,506,37,506,56698
7,selection_sort,506,38,506,3614
7,selection_sort,507,36,508,2400
7,selection_sort,507,37,507,53270
7,selection_sort,507,38,507,3774
7,selection_sort,508,36,509,2298
7,selection_sort,508,37,508,55990
7,selection_sort,508,38,508,3550
7,selection_sort,509,36,510,2357
7,selection_sort,509,37,509,54891
7,selection_sort,509,38,509,3571
7,selection_sort,510,36,511,2443
7,selection_sort,510,37,510,56878
7,selection_sort,510,38,510,3642
7,selection_sort,511,36,512,2376
7,selection_sort,511,37,511,55453
7,selection_sort,511,38,511,3581
7,selection_sort,512,36,513,2359
7,selection_sort,512,37,512,57512
7,selection_sort,512,38,512,3634
7,selection_sort,513,36,514,2378
7,selection_sort,513,37,513,56009
7,selection_sort,513,38,513,3589
7,selection_sort,514,36,515,2735
7,selection_sort,514,37,514,58819
7,selection_sort,514,38,514,3960
7,selection_sort,515,36,516,2458
7,selection_sort,515,37,515,57525
7,selection_sort,515,38,515,3629
7,selection_sort,516,36,517,2437
7,selection_sort,516,37,516,57325
7,selection_sort,516,38,516,3777
7,selection_sort,517,36,518,2432
7,selection_sort,517,37,517,57933
7,selection_sort,517,38,517,3671
7,selection_sort,518,36,519,2475
7,selection_sort,518,37,518,58285
7,selection_sort,518,38,518,3609
7,selection_sort,519,36,520,3066
7,selection_sort,519,37,519,81661
7,selection_sort,519,38,519,4611
7,selection_sort,520,36,521,2568
7,selection_sort,520,37,520,59452
7,selection_sort,520,38,520,3839
7,selection_sort,521,36,522,2542
7,selection_sort,521,37,521,60155
7,selection_sort,521,38,521,3831
7,selection_sort,522,36,523,2573
7,selection_sort,522,37,522,60451
7,selection_sort,522,38,522,3883
7,selection_sort,523,36,524,2554
7,selection_sort,523,37,523,61220
7,selection_sort,523,38,523,3892
7,selection_sort,524,36,525,2569
7,selection_sort,524,37,524,61442
7,selection_sort,524,38,524,3876
7,selection_sort,525,36,526,2673
7,selection_sort,525,37,525,61286
7,selection_sort,525,38,525,3941
7,selection_sort,526,36,527,2771
7,selection_sort,526,37,526,63078
7,selection_sort,526,38,526,3923
7,selection_sort,527,36,528,2644
7,selection_sort,527,37,527,63054
7,selection_sort,527,38,527,3946
7,selection_sort,528,36,529,2541
7,selection_sort,528,37,528,64507
7,selection_sort,528,38,528,4002
7,selection_sort,529,36,530,2673
7,selection_sort,529,37,529,65516
7,selection_sort,529,38,529,4163
7,selection_sort,530,36,531,2698
7,selection_sort,530,37,530,64885
7,selection_sort,530,38,530,3993
7,selection_sort,531,36,532,2712
7,selection_sort,531,37,531,67473
7,selection_sort,531,38,531,4007
7,selection_sort,532,36,533,2697
7,selection_sort,532,37,532,64202
7,selection_sort,532,38,532,3982
7,selection_sort,533,36,534,2637
7,selection_sort,533,37,533,64883
7,selection_sort,533,38,533,3931
7,selection_sort,534,36,535,2618
7,selection_sort,534,37,534,63871
7,selection_sort,534,38,534,3934
7,selection_sort,535,36,536,2778
7,selection_sort,535,37,535,63770
7,selection_sort,535,38,535,3980
7,selection_sort,536,36,537,2548
7,selection_sort,536,37,536,60691
7,selection_sort,536,38,536,3675
7,selection_sort,537,36,538,2540
7,selection_sort,537,37,537,60237
7,selection_sort,537,38,537,3794
7,selection_sort,538,36,539,2510
7,selection_sort,538,37,538,61359
7,selection_sort,538,38,538,3736
7,selection_sort,539,36,540,2519
7,selection_sort,539,37,539,60794
7,selection_sort,539,38,539,3730
7,selection_sort,540,36,541,6175
7,selection_sort,540,37,540,165154
7,selection_sort,540,38,540,9221
7,selection_sort,541,36,542,5424
7,selection_sort,541,37,541,153279
7,selection_sort,541,38,541,8566
7,selection_sort,542,36,543,4830
7,selection_sort,542,37,542,118268
7,selection_sort,542,38,542,6724
7,selection_sort,543,36,544,3971
7,selection_sort,543,37,543,108219
7,selection_sort,543,38,543,6118
7,selection_sort,544,36,545,3954
7,selection_sort,544,37,544,101927
7,selection_sort,544,38,544,5684
7,selection_sort,545,36,546,3437
7,selection_sort,545,37,545,95476
7,selection_sort,545,38,545,5360
7,selection_sort,546,36,547,3590
7,selection_sort,546,37,546,89987
7,selection_sort,546,38,546,5150
7,selection_sort,547,36,548,3201
7,selection_sort,547,37,547,86887
7,selection_sort,547,38,547,4923
7,selection_sort,548,36,549,3160
7,selection_sort,548,37,548,82382
7,selection_sort,548,38,548,4705
7,selection_sort,549,36,550,3002
7,selection_sort,549,37,549,79617
7,selection_sort,549,38,549,4504
7,selection_sort,550,36,551,3133
7,selection_sort,550,37,550,77548
7,selection_sort,550,38,550,4404
7,selection_sort,551,36,552,2841
7,selection_sort,551,37,551,75054
7,selection_sort,551,38,551,4420
7,selection_sort,552,36,553,2729
7,selection_sort,552,37,552,71760
7,selection_sort,552,38,552,4142
7,selection_sort,553,36,554,2608
7,selection_sort,553,37,553,70441
7,selection_sort,553,38,553,4163
7,selection_sort,554,36,555,2637
7,selection_sort,554,37,554,67463
7,selection_sort,554,38,554,3944
7,selection_sort,555,36,556,2539
7,selection_sort,555,37,555,68348
7,selection_sort,555,38,555,4016
7,selection_sort,556,36,557,2599
7,selection_sort,556,37,556,64458
7,selection_sort,556,38,556,3882
7,selection_sort,557,36,558,2794
7,selection_sort,557,37,557,67142
7,selection_sort,557,38,557,4102
7,selection_sort,558,36,559,2482
7,selection_sort,558,37,558,64857
7,selection_sort,558,38,558,3769
7,selection_sort,559,36,560,2554
7,selection_sort,559,37,559,69653
7,selection_sort,559,38,559,3827
7,selection_sort,560,36,561,2600
7,selection_sort,560,37,560,64894
7,selection_sort,560,38,560,3985
7,selection_sort,561,36,562,2727
7,selection_sort,561,37,561,66774
7,selection_sort,561,38,561,3863
7,selection_sort,562,36,563,2526
7,selection_sort,562,37,562,65487
7,selection_sort,562,38,562,3969
7,selection_sort,563,36,564,2785
7,selection_sort,563,37,563,69840
7,selection_sort,563,38,563,3931
7,selection_sort,564,36,565,2564
7,selection_sort,564,37,564,69716
7,selection_sort,564,38,564,4030
7,selection_sort,565,36,566,2647
7,selection_sort,565,37,565,66481
7,selection_sort,565,38,565,3861
7,selection_sort,566,36,567,2740
7,selection_sort,566,37,566,69764
7,selection_sort,566,38,566,3952
7,selection_sort,567,36,568,2623
7,selection_sort,567,37,567,66541
7,selection_sort,567,38,567,4016
7,selection_sort,568,36,569,2630
7,selection_sort,568,37,568,70133
7,selection_sort,568,38,568,3869
7,selection_sort,569,36,570,2596
7,selection_sort,569,37,569,67452
7,selection_sort,569,38,569,3970
7,selection_sort,570,36,571,2669
7,selection_sort,570,37,570,69473
7,selection_sort,570,38,570,3923
7,selection_sort,571,36,572,2868
7,selection_sort,571,37,571,68584
7,selection_sort,571,38,571,4071
7,selection_sort,572,36,573,2462
7,selection_sort,572,37,572,69373
7,selection_sort,572,38,572,3970
7,selection_sort,573,36,574,2809
7,selection_sort,573,37,573,70033
7,selection_sort,573,38,573,3969
7,selection_sort,574,36,575,2476
7,selection_sort,574,37,574,69357
7,selection_sort,574,38,574,3976
7,selection_sort,575,36,576,2678
7,selection_sort,575,37,575,71459
7,selection_sort,575,38,575,3979
7,selection_sort,576,36,577,2781
7,selection_sort,576,37,576,69558
7,selection_sort,576,38,576,3986
7,selection_sort,577,36,578,2695
7,selection_sort,577,37,577,71629
7,selection_sort,577,38,577,4035
7,selection_sort,578,36,579,2818
7,selection_sort,578,37,578,70276
7,selection_sort,578,38,578,3957
7,selection_sort,579,36,580,2700
7,selection_sort,579,37,579,72441
7,selection_sort,579,38,579,4063
7,selection_sort,580,36,581,2605
7,selection_sort,580,37,580,71915
7,selection_sort,580,38,580,3951
7,selection_sort,581,36,582,2873
7,selection_sort,581,37,581,71142
7,selection_sort,581,38,581,3950
7,selection_sort,582,36,583,2677
7,selection_sort,582,37,582,72116
7,selection_sort,582,38,582,4226
7,selection_sort,583,36,584,2725
7,selection_sort,583,37,583,70887
7,selection_sort,583,38,583,3881
7,selection_sort,584,36,585,2782
7,selection_sort,584,37,584,72730
7,selection_sort,584,38,584,3992
7,selection_sort,585,36,586,3451
7,selection_sort,585,37,585,79983
7,selection_sort,585,38,585,4739
7,selection_sort,586,36,587,2646
7,selection_sort,586,37,586,72608
7,selection_sort,586,38,586,4092
7,selection_sort,587,36,588,2865
7,selection_sort,587,37,587,75267
7,selection_sort,587,38,587,3973
7,selection_sort,588,36,589,2816
7,selection_sort,588,37,588,72990
7,selection_sort,588,38,588,4225
7,selection_sort,589,36,590,2692
7,selection_sort,589,37,589,78033
7,selection_sort,589,38,589,4137
7,selection_sort,590,36,591,2725
7,selection_sort,590,37,590,76511
7,selection_sort,590,38,590,4061
7,selection_sort,591,36,592,2940
7,selection_sort,591,37,591,80031
7,selection_sort,591,38,591,4302
7,selection_sort,592,36,593,2689
7,selection_sort,592,37,592,80212
7,selection_sort,592,38,592,4307
7,selection_sort,593,36,594,2837
7,selection_sort,593,37,593,78192
7,selection_sort,593,38,593,4192
7,selection_sort,594,36,595,2869
7,selection_sort,594,37,594,77810
7,selection_sort,594,38,594,4118
7,selection_sort,595,36,596,2650
7,selection_sort,595,37,595,78820
7,selection_sort,595,38,595,4258
7,selection_sort,596,36,597,2898
7,selection_sort,596,37,596,75509
7,selection_sort,596,38,596,4246
7,selection_sort,597,36,598,2911
7,selection_sort,597,37,597,76352
7,selection_sort,597,38,597,4085
7,selection_sort,598,36,599,2766
7,selection_sort,598,37,598,78141
7,selection_sort,598,38,598,4446
7,selection_sort,599,36,600,2918
7,selection_sort,599,37,599,75917
7,selection_sort,599,38,599,4051
7,selection_sort,600,36,601,2752
7,selection_sort,600,37,600,79516
7,selection_sort,600,38,600,4476
7,selection_sort,601,36,602,2990
7,selection_sort,601,37,601,76402
7,selection_sort,601,38,601,4079
7,selection_sort,602,36,603,2700
7,selection_sort,602,37,602,78932
7,selection_sort,602,38,602,4063
7,selection_sort,603,36,604,2917
7,selection_sort,603,37,603,78273
7,selection_sort,603,38,603,4278
7,selection_sort,604,36,605,2882
7,selection_sort,604,37,604,76301
7,selection_sort,604,38,604,4072
7,selection_sort,605,36,606,2621
7,selection_sort,605,37,605,80240
7,selection_sort,605,38,605,4187
7,selection_sort,606,36,607,3026
7,selection_sort,606,37,606,81025
7,selection_sort,606,38,606,4369
7,selection_sort,607,36,608,2807
7,selection_sort,607,37,607,80180
7,selection_sort,607,38,607,4131
7,selection_sort,608,36,609,2798
7,selection_sort,608,37,608,79776
7,selection_sort,608,38,608,4264
7,selection_sort,609,36,610,2844
7,selection_sort,609,37,609,80505
7,selection_sort,609,38,609,4162
7,selection_sort,610,36,611,2621
7,selection_sort,610,37,610,81694
7,selection_sort,610,38,610,4427
7,selection_sort,611,36,612,2966
7,selection_sort,611,37,611,80867
7,selection_sort,611,38,611,4240
7,selection_sort,612,36,613,2746
7,selection_sort,612,37,612,78325
7,selection_sort,612,38,612,4252
7,selection_sort,613,36,614,2942
7,selection_sort,613,37,613,81591
7,selection_sort,613,38,613,4636
7,selection_sort,614,36,615,2923
7,selection_sort,614,37,614,81544
7,selection_sort,614,38,614,4245
7,selection_sort,615,36,616,2869
7,selection_sort,615,37,615,79485
7,selection_sort,615,38,615,4424
7,selection_sort,616,36,617,2946
7,selection_sort,616,37,616,81552
7,selection_sort,616,38,616,4197
7,selection_sort,617,36,618,2747
7,selection_sort,617,37,617,82904
7,selection_sort,617,38,617,4500
7,selection_sort,618,36,619,3001
7,selection_sort,618,37,618,80716
7,selection_sort,618,38,618,4208
7,selection_sort,619,36,620,2794
7,selection_sort,619,37,619,85961
7,selection_sort,619,38,619,4486
7,selection_sort,620,36,621,3074
7,selection_sort,620,37,620,84429
7,selection_sort,620,38,620,4645
7,selection_sort,621,36,622,2808
7,selection_sort,621,37,621,80589
7,selection_sort,621,38,621,4347
7,selection_sort,622,36,623,2791
7,selection_sort,622,37,622,84647
7,selection_sort,622,38,622,4306
7,selection_sort,623,36,624,2914
7,selection_sort,623,37,623,85648
7,selection_sort,623,38,623,4484
7,selection_sort,624,36,625,2983
7,selection_sort,624,37,624,84509
7,selection_sort,624,38,624,4329
7,selection_sort,625,36,626,2810
7,selection_sort,625,37,625,86885
7,selection_sort,625,38,625,4217
7,selection_sort,626,36,627,2971
7,selection_sort,626,37,626,87040
7,selection_sort,626,38,626,4526
7,selection_sort,627,36,628,3004
7,selection_sort,627,37,627,86244
7,selection_sort,627,38,627,4233
7,selection_sort,628,36,629,2954
7,selection_sort,628,37,628,85579
7,selection_sort,628,38,628,4562
7,selection_sort,629,36,630,3070
7,selection_sort,629,37,629,86023
7,selection_sort,629,38,629,4404
7,selection_sort,630,36,631,2998
7,selection_sort,630,37,630,85831
7,selection_sort,630,38,630,4503
7,selection_sort,631,36,632,3041
7,selection_sort,631,37,631,91118
7,selection_sort,631,38,631,4328
7,selection_sort,632,36,633,3026
7,selection_sort,632,37,632,89710
7,selection_sort,632,38,632,4655
7,selection_sort,633,36,634,2987
7,selection_sort,633,37,633,88444
7,selection_sort,633,38,633,4314
7,selection_sort,634,36,635,3010
7,selection_sort,634,37,634,88655
7,selection_sort,634,38,634,4655
7,selection_sort,635,36,636,2977
7,selection_sort,635,37,635,89813
7,selection_sort,635,38,635,4374
7,selection_sort,636,36,637,2952
7,selection_sort,636,37,636,88358
7,selection_sort,636,38,636,4585
7,selection_sort,637,36,638,2969
7,selection_sort,637,37,637,89308
7,selection_sort,637,38,637,4281
7,selection_sort,638,36,639,3018
7,selection_sort,638,37,638,90515
7,selection_sort,638,38,638,4469
7,selection_sort,639,36,640,3124
7,selection_sort,639,37,639,91733
7,selection_sort,639,38,639,4553
7,selection_sort,640,36,641,3159
7,selection_sort,640,37,640,85949
7,selection_sort,640,38,640,4487
7,selection_sort,641,36,642,2881
7,selection_sort,641,37,641,88031
7,selection_sort,641,38,641,4450
7,selection_sort,642,36,643,3168
7,selection_sort,642,37,642,88549
7,selection_sort,642,38,642,4650
7,selection_sort,643,36,644,2797
7,selection_sort,643,37,643,88485
7,selection_sort,643,38,643,4354
7,selection_sort,644,36,645,3002
7,selection_sort,644,37,644,91978
7,selection_sort,644,38,644,4325
7,selection_sort,645,36,646,2957
7,selection_sort,645,37,645,94283
7,selection_sort,645,38,645,4725
7,selection_sort,646,36,647,3000
7,selection_sort,646,37,646,92650
7,selection_sort,646,38,646,4413
7,selection_sort,647,36,648,2966
7,selection_sort,647,37,647,92866
7,selection_sort,647,38,647,4685
7,selection_sort,648,36,649,2984
7,selection_sort,648,37,648,92455
7,selection_sort,648,38,648,4538
7,selection_sort,649,36,650,3294
7,selection_sort,649,37,649,90884
7,selection_sort,649,38,649,4780
7,selection_sort,650,36,651,2948
7,selection_sort,650,37,650,89905
7,selection_sort,650,38,650,4596
7,selection_sort,651,36,652,3268
7,selection_sort,651,37,651,93286
7,selection_sort,651,38,651,4573
7,selection_sort,652,36,653,3044
7,selection_sort,652,37,652,94600
7,selection_sort,652,38,652,4676
7,selection_sort,653,36,654,3095
7,selection_sort,653,37,653,95278
7,selection_sort,653,38,653,4503
7,selection_sort,654,36,655,3076
7,selection_sort,654,37,654,94008
7,selection_sort,654,38,654,4821
7,selection_sort,655,36,656,3227
7,selection_sort,655,37,655,98746
7,selection_sort,655,38,655,4825
7,selection_sort,656,36,657,3290
7,selection_sort,656,37,656,98294
7,selection_sort,656,38,656,4680
7,selection_sort,657,36,658,2971
7,selection_sort,657,37,657,95597
7,selection_sort,657,38,657,4923
7,selection_sort,658,36,659,3324
7,selection_sort,658,37,658,97453
7,selection_sort,658,38,658,4641
7,selection_sort,659,36,660,3216
7,selection_sort,659,37,659,100178
7,selection_sort,659,38,659,4951
7,selection_sort,660,36,661,3117
7,selection_sort,660,37,660,100775
7,selection_sort,660,38,660,4848
7,selection_sort,661,36,662,3292
7,selection_sort,661,37,661,97833
7,selection_sort,661,38,661,4846
7,selection_sort,662,36,663,3385
7,selection_sort,662,37,662,101667
7,selection_sort,662,38,662,5233
7,selection_sort,663,36,664,3280
7,selection_sort,663,37,663,97975
7,selection_sort,663,38,663,4681
7,selection_sort,664,36,665,3168
7,selection_sort,664,37,664,101045
7,selection_sort,664,38,664,4714
7,selection_sort,665,36,666,3030
7,selection_sort,665,37,665,102178
7,selection_sort,665,38,665,4895
7,selection_sort,666,36,667,3274
7,selection_sort,666,37,666,98592
7,selection_sort,666,38,666,4840
7,selection_sort,667,36,668,3193
7,selection_sort,667,37,667,99144
7,selection_sort,667,38,667,5043
7,selection_sort,668,36,669,3247
7,selection_sort,668,37,668,100046
7,selection_sort,668,38,668,4896
7,selection_sort,669,36,670,3315
7,selection_sort,669,37,669,100124
7,selection_sort,669,38,669,4835
7,selection_sort,670,36,671,5383
7,selection_sort,670,37,670,169016
7,selection_sort,670,38,670,8864
7,selection_sort,671,36,672,4572
7,selection_sort,671,37,671,176191
7,selection_sort,671,38,671,7148
7,selection_sort,672,36,673,3361
7,selection_sort,672,37,672,103902
7,selection_sort,672,38,672,4912
7,selection_sort,673,36,674,3296
7,selection_sort,673,37,673,105495
7,selection_sort,673,38,673,5172
7,selection_sort,674,36,675,3399
7,selection_sort,674,37,674,103349
7,selection_sort,674,38,674,4824
7,selection_sort,675,36,676,3150
7,selection_sort,675,37,675,101154
7,selection_sort,675,38,675,5200
7,selection_sort,676,36,677,3274
7,selection_sort,676,37,676,108740
7,selection_sort,676,38,676,5279
7,selection_sort,677,36,678,3574
7,selection_sort,677,37,677,105688
7,selection_sort,677,38,677,5188
7,selection_sort,678,36,679,3262
7,selection_sort,678,37,678,106920
7,selection_sort,678,38,678,5089
7,selection_sort,679,36,680,3355
7,selection_sort,679,37,679,108030
7,selection_sort,679,38,679,5227
7,selection_sort,680,36,681,3418
7,selection_sort,680,37,680,103421
7,selection_sort,680,38,680,5033
7,selection_sort,681,36,682,3216
7,selection_sort,681,37,681,108171
7,selection_sort,681,38,681,4993
7,selection_sort,682,36,683,3292
7,selection_sort,682,37,682,110429
7,selection_sort,682,38,682,5305
7,selection_sort,683,36,684,3443
7,selection_sort,683,37,683,104353
7,selection_sort,683,38,683,4933
7,selection_sort,684,36,685,3024
7,selection_sort,684,37,684,102865
7,selection_sort,684,38,684,5026
7,selection_sort,685,36,686,3451
7,selection_sort,685,37,685,109477
7,selection_sort,685,38,685,5910
7,selection_sort,686,36,687,3494
7,selection_sort,686,37,686,100829
7,selection_sort,686,38,686,4825
7,selection_sort,687,36,688,3488
7,selection_sort,687,37,687,106598
7,selection_sort,687,38,687,5264
7,selection_sort,688,36,689,3592
7,selection_sort,688,37,688,110385
7,selection_sort,688,38,688,5313
7,selection_sort,689,36,690,3225
7,selection_sort,689,37,689,110071
7,selection_sort,689,38,689,5049
7,selection_sort,690,36,691,3646
7,selection_sort,690,37,690,107339
7,selection_sort,690,38,690,5349
7,selection_sort,691,36,692,3374
7,selection_sort,691,37,691,108812
7,selection_sort,691,38,691,5136
7,selection_sort,692,36,693,3455
7,selection_sort,692,37,692,110026
7,selection_sort,692,38,692,5618
7,selection_sort,693,36,694,3523
7,selection_sort,693,37,693,112460
7,selection_sort,693,38,693,5439
7,selection_sort,694,36,695,3417
7,selection_sort,694,37,694,118450
7,selection_sort,694,38,694,5442
7,selection_sort,695,36,696,3885
7,selection_sort,695,37,695,117116
7,selection_sort,695,38,695,5948
7,selection_sort,696,36,697,5853
7,selection_sort,696,37,696,196660
7,selection_sort,696,38,696,9211
7,selection_sort,697,36,698,4528
7,selection_sort,697,37,697,153381
7,selection_sort,697,38,697,7434
7,selection_sort,698,36,699,3952
7,selection_sort,698,37,698,138861
7,selection_sort,698,38,698,6072
7,selection_sort,699,36,700,4016
7,selection_sort,699,37,699,142646
7,selection_sort,699,38,699,6426
7,selection_sort,700,36,701,4375
7,selection_sort,700,37,700,141962
7,selection_sort,700,38,700,6297
7,selection_sort,701,36,702,5995
7,selection_sort,701,37,701,164950
7,selection_sort,701,38,701,11548
7,selection_sort,702,36,703,4044
7,selection_sort,702,37,702,130178
7,selection_sort,702,38,702,6264
7,selection_sort,703,36,704,3233
7,selection_sort,703,37,703,108747
7,selection_sort,703,38,703,5134
7,selection_sort,704,36,705,3471
7,selection_sort,704,37,704,108198
7,selection_sort,704,38,704,4940
7,selection_sort,705,36,706,3401
7,selection_sort,705,37,705,107221
7,selection_sort,705,38,705,5025
7,selection_sort,706,36,707,3452
7,selection_sort,706,37,706,105742
7,selection_sort,706,38,706,5093
7,selection_sort,707,36,708,3333
7,selection_sort,707,37,707,105236
7,selection_sort,707,38,707,4856
7,selection_sort,708,36,709,3356
7,selection_sort,708,37,708,107215
7,selection_sort,708,38,708,4974
7,selection_sort,709,36,710,3446
7,selection_sort,709,37,709,106646
7,selection_sort,709,38,709,4925
7,selection_sort,710,36,711,3424
7,selection_sort,710,37,710,107615
7,selection_sort,710,38,710,4979
7,selection_sort,711,36,712,3529
7,selection_sort,711,37,711,108447
7,selection_sort,711,38,711,4997
7,selection_sort,712,36,713,3443
7,selection_sort,712,37,712,109041
7,selection_sort,712,38,712,5024
7,selection_sort,713,36,714,3210
7,selection_sort,713,37,713,107554
7,selection_sort,713,38,713,5001
7,selection_sort,714,36,715,4026
7,selection_sort,714,37,714,147418
7,selection_sort,714,38,714,5967
7,selection_sort,715,36,716,3308
7,selection_sort,715,37,715,112180
7,selection_sort,715,38,715,5063
7,selection_sort,716,36,717,3707
7,selection_sort,716,37,716,113957
7,selection_sort,716,38,716,5217
7,selection_sort,717,36,718,3606
7,selection_sort,717,37,717,117495
7,selection_sort,717,38,717,5677
7,selection_sort,718,36,719,7243
7,selection_sort,718,37,718,283767
7,selection_sort,718,38,718,12036
7,selection_sort,719,36,720,7047
7,selection_sort,719,37,719,282883
7,selection_sort,719,38,719,11230
7,selection_sort,720,36,721,5443
7,selection_sort,720,37,720,204966
7,selection_sort,720,38,720,8563
7,selection_sort,721,36,722,4675
7,selection_sort,721,37,721,180652
7,selection_sort,721,38,721,7464
7,selection_sort,722,36,723,4318
7,selection_sort,722,37,722,166876
7,selection_sort,722,38,722,6679
7,selection_sort,723,36,724,4277
7,selection_sort,723,37,723,153789
7,selection_sort,723,38,723,6502
7,selection_sort,724,36,725,4760
7,selection_sort,724,37,724,163161
7,selection_sort,724,38,724,6641
7,selection_sort,725,36,726,3682
7,selection_sort,725,37,725,131056
7,selection_sort,725,38,725,5599
7,selection_sort,726,36,727,3724
7,selection_sort,726,37,726,127435
7,selection_sort,726,38,726,5531
7,selection_sort,727,36,728,3611
7,selection_sort,727,37,727,121100
7,selection_sort,727,38,727,5379
7,selection_sort,728,36,729,3263
7,selection_sort,728,37,728,120716
7,selection_sort,728,38,728,5086
7,selection_sort,729,36,730,3464
7,selection_sort,729,37,729,116415
7,selection_sort,729,38,729,5205
7,selection_sort,730,36,731,3949
7,selection_sort,730,37,730,124717
7,selection_sort,730,38,730,5908
7,selection_sort,731,36,732,3514
7,selection_sort,731,37,731,121523
7,selection_sort,731,38,731,5151
7,selection_sort,732,36,733,3759
7,selection_sort,732,37,732,123120
7,selection_sort,732,38,732,5701
7,selection_sort,733,36,734,3518
7,selection_sort,733,37,733,117854
7,selection_sort,733,38,733,5378
7,selection_sort,734,36,735,3662
7,selection_sort,734,37,734,119146
7,selection_sort,734,38,734,5346
7,selection_sort,735,36,736,3531
7,selection_sort,735,37,735,119264
7,selection_sort,735,38,735,5220
7,selection_sort,736,36,737,3598
7,selection_sort,736,37,736,119424
7,selection_sort,736,38,736,5210
7,selection_sort,737,36,738,3694
7,selection_sort,737,37,737,120271
7,selection_sort,737,38,737,5380
7,selection_sort,738,36,739,3685
7,selection_sort,738,37,738,121910
7,selection_sort,738,38,738,5249
7,selection_sort,739,36,740,3608
7,selection_sort,739,37,739,121835
7,selection_sort,739,38,739,5370
7,selection_sort,740,36,741,4620
7,selection_sort,740,37,740,154699
7,selection_sort,740,38,740,6891
7,selection_sort,741,36,742,5061
7,selection_sort,741,37,741,187846
7,selection_sort,741,38,741,7473
7,selection_sort,742,36,743,4680
7,selection_sort,742,37,742,160523
7,selection_sort,742,38,742,6887
7,selection_sort,743,36,744,3766
7,selection_sort,743,37,743,132521
7,selection_sort,743,38,743,5522
7,selection_sort,744,36,745,3446
7,selection_sort,744,37,744,130897
7,selection_sort,744,38,744,5445
7,selection_sort,745,36,746,3710
7,selection_sort,745,37,745,124032
7,selection_sort,745,38,745,5336
7,selection_sort,746,36,747,6416
7,selection_sort,746,37,746,122633
7,selection_sort,746,38,746,5240
7,selection_sort,747,36,748,3546
7,selection_sort,747,37,747,121860
7,selection_sort,747,38,747,5261
7,selection_sort,748,36,749,3565
7,selection_sort,748,37,748,123830
7,selection_sort,748,38,748,5218
7,selection_sort,749,36,750,3514
7,selection_sort,749,37,749,120636
7,selection_sort,749,38,749,5214
7,selection_sort,750,36,751,3514
7,selection_sort,750,37,750,122532
7,selection_sort,750,38,750,5334
7,selection_sort,751,36,752,3477
7,selection_sort,751,37,751,120802
7,selection_sort,751,38,751,5304
7,selection_sort,752,36,753,3581
7,selection_sort,752,37,752,120269
7,selection_sort,752,38,752,5273
7,selection_sort,753,36,754,3542
7,selection_sort,753,37,753,119916
7,selection_sort,753,38,753,5274
7,selection_sort,754,36,755,3367
7,selection_sort,754,37,754,122948
7,selection_sort,754,38,754,5303
7,selection_sort,755,36,756,6191
7,selection_sort,755,37,755,232601
7,selection_sort,755,38,755,10187
7,selection_sort,756,36,757,6115
7,selection_sort,756,37,756,257294
7,selection_sort,756,38,756,9869
7,selection_sort,757,36,758,5527
7,selection_sort,757,37,757,214045
7,selection_sort,757,38,757,8406
7,selection_sort,758,36,759,4985
7,selection_sort,758,37,758,191115
7,selection_sort,758,38,758,7438
7,selection_sort,759,36,760,4398
7,selection_sort,759,37,759,172937
7,selection_sort,759,38,759,6755
7,selection_sort,760,36,761,4384
7,selection_sort,760,37,760,152564
7,selection_sort,760,38,760,6406
7,selection_sort,761,36,762,4073
7,selection_sort,761,37,761,145685
7,selection_sort,761,38,761,5992
7,selection_sort,762,36,763,3892
7,selection_sort,762,37,762,134727
7,selection_sort,762,38,762,5710
7,selection_sort,763,36,764,3704
7,selection_sort,763,37,763,131424
7,selection_sort,763,38,763,5488
7,selection_sort,764,36,765,3762
7,selection_sort,764,37,764,129438
7,selection_sort,764,38,764,5475
7,selection_sort,765,36,766,3597
7,selection_sort,765,37,765,128117
7,selection_sort,765,38,765,5502
7,selection_sort,766,36,767,3765
7,selection_sort,766,37,766,127956
7,selection_sort,766,38,766,5607
7,selection_sort,767,36,768,3777
7,selection_sort,767,37,767,127476
7,selection_sort,767,38,767,5490
7,selection_sort,768,36,769,3623
7,selection_sort,768,37,768,126358
7,selection_sort,768,38,768,5495
7,selection_sort,769,36,770,3703
7,selection_sort,769,37,769,125531
7,selection_sort,769,38,769,5409
7,selection_sort,770,36,771,3608
7,selection_sort,770,37,770,124496
7,selection_sort,770,38,770,5432
7,selection_sort,771,36,772,3643
7,selection_sort,771,37,771,125422
7,selection_sort,771,38,771,5531
7,selection_sort,772,36,773,3695
7,selection_sort,772,37,772,126058
7,selection_sort,772,38,772,5532
7,selection_sort,773,36,774,3439
7,selection_sort,773,37,773,129278
7,selection_sort,773,38,773,5238
7,selection_sort,774,36,775,3630
7,selection_sort,774,37,774,126723
7,selection_sort,774,38,774,5532
7,selection_sort,775,36,776,3462
7,selection_sort,775,37,775,128696
7,selection_sort,775,38,775,5408
7,selection_sort,776,36,777,3694
7,selection_sort,776,37,776,131966
7,selection_sort,776,38,776,5511
7,selection_sort,777,36,778,3469
7,selection_sort,777,37,777,129189
7,selection_sort,777,38,777,5280
7,selection_sort,778,36,779,3471
7,selection_sort,778,37,778,133326
7,selection_sort,778,38,778,5300
7,selection_sort,779,36,780,3432
7,selection_sort,779,37,779,131661
7,selection_sort,779,38,779,5343
7,selection_sort,780,36,781,3690
7,selection_sort,780,37,780,134218
7,selection_sort,780,38,780,5431
7,selection_sort,781,36,782,6610
7,selection_sort,781,37,781,235759
7,selection_sort,781,38,781,10643
7,selection_sort,782,36,783,6660
7,selection_sort,782,37,782,270544
7,selection_sort,782,38,782,10015
7,selection_sort,783,36,784,5632
7,selection_sort,783,37,783,221702
7,selection_sort,783,38,783,8869
7,selection_sort,784,36,785,4986
7,selection_sort,784,37,784,198870
7,selection_sort,784,38,784,7711
7,selection_sort,785,36,786,4751
7,selection_sort,785,37,785,178017
7,selection_sort,785,38,785,7329
7,selection_sort,786,36,787,4233
7,selection_sort,786,37,786,165388
7,selection_sort,786,38,786,6467
7,selection_sort,787,36,788,4161
7,selection_sort,787,37,787,151046
7,selection_sort,787,38,787,6157
7,selection_sort,788,36,789,3892
7,selection_sort,788,37,788,145478
7,selection_sort,788,38,788,5758
7,selection_sort,789,36,790,3807
7,selection_sort,789,37,789,137756
7,selection_sort,789,38,789,5682
7,selection_sort,790,36,791,3826
7,selection_sort,790,37,790,134102
7,selection_sort,790,38,790,5746
7,selection_sort,791,36,792,3701
7,selection_sort,791,37,791,134157
7,selection_sort,791,38,791,5630
7,selection_sort,792,36,793,3822
7,selection_sort,792,37,792,136262
7,selection_sort,792,38,792,5710
7,selection_sort,793,36,794,3670
7,selection_sort,793,37,793,137498
7,selection_sort,793,38,793,5520
7,selection_sort,794,36,795,3668
7,selection_sort,794,37,794,140909
7,selection_sort,794,38,794,5439
7,selection_sort,795,36,796,3707
7,selection_sort,795,37,795,142093
7,selection_sort,795,38,795,5646
7,selection_sort,796,36,797,3831
7,selection_sort,796,37,796,141352
7,selection_sort,796,38,796,5573
7,selection_sort,797,36,798,4023
7,selection_sort,797,37,797,138600
7,selection_sort,797,38,797,5587
7,selection_sort,798,36,799,3732
7,selection_sort,798,37,798,134617
7,selection_sort,798,38,798,5662
7,selection_sort,799,36,800,3684
7,selection_sort,799,37,799,136163
7,selection_sort,799,38,799,5536
7,selection_sort,800,36,801,3847
7,selection_sort,800,37,800,142982
7,selection_sort,800,38,800,5904
7,selection_sort,801,36,802,3845
7,selection_sort,801,37,801,139496
7,selection_sort,801,38,801,5701
7,selection_sort,802,36,803,3791
7,selection_sort,802,37,802,137327
7,selection_sort,802,38,802,5704
7,selection_sort,803,36,804,3622
7,selection_sort,803,37,803,138006
7,selection_sort,803,38,803,5573
7,selection_sort,804,36,805,3818
7,selection_sort,804,37,804,145986
7,selection_sort,804,38,804,5854
7,selection_sort,805,36,806,3627
7,selection_sort,805,37,805,139944
7,selection_sort,805,38,805,5496
7,selection_sort,806,36,807,3936
7,selection_sort,806,37,806,141201
7,selection_sort,806,38,806,5744
7,selection_sort,807,36,808,3798
7,selection_sort,807,37,807,139356
7,selection_sort,807,38,807,5610
7,selection_sort,808,36,809,3820
7,selection_sort,808,37,808,144834
7,selection_sort,808,38,808,5652
7,selection_sort,809,36,810,4297
7,selection_sort,809,37,809,150395
7,selection_sort,809,38,809,6245
7,selection_sort,810,36,811,4439
7,selection_sort,810,37,810,146955
7,selection_sort,810,38,810,6441
7,selection_sort,811,36,812,4290
7,selection_sort,811,37,811,146119
7,selection_sort,811,38,811,6559
7,selection_sort,812,36,813,3964
7,selection_sort,812,37,812,146189
7,selection_sort,812,38,812,5820
7,selection_sort,813,36,814,3605
7,selection_sort,813,37,813,140427
7,selection_sort,813,38,813,5790
7,selection_sort,814,36,815,3841
7,selection_sort,814,37,814,141645
7,selection_sort,814,38,814,5664
7,selection_sort,815,36,816,3792
7,selection_sort,815,37,815,141092
7,selection_sort,815,38,815,5754
7,selection_sort,816,36,817,6417
7,selection_sort,816,37,816,146189
7,selection_sort,816,38,816,5774
7,selection_sort,817,36,818,3809
7,selection_sort,817,37,817,145694
7,selection_sort,817,38,817,5766
7,selection_sort,818,36,819,3986
7,selection_sort,818,37,818,153098
7,selection_sort,818,38,818,5974
7,selection_sort,819,36,820,8120
7,selection_sort,819,37,819,365359
7,selection_sort,819,38,819,13010
7,selection_sort,820,36,821,6504
7,selection_sort,820,37,820,297120
7,selection_sort,820,38,820,10307
7,selection_sort,821,36,822,5013
7,selection_sort,821,37,821,226121
7,selection_sort,821,38,821,8618
7,selection_sort,822,36,823,5549
7,selection_sort,822,37,822,213706
7,selection_sort,822,38,822,8650
7,selection_sort,823,36,824,5308
7,selection_sort,823,37,823,226219
7,selection_sort,823,38,823,8382
7,selection_sort,824,36,825,4842
7,selection_sort,824,37,824,211263
7,selection_sort,824,38,824,7479
7,selection_sort,825,36,826,4762
7,selection_sort,825,37,825,173670
7,selection_sort,825,38,825,7257
7,selection_sort,826,36,827,4974
7,selection_sort,826,37,826,168726
7,selection_sort,826,38,826,7175
7,selection_sort,827,36,828,6654
7,selection_sort,827,37,827,293847
7,selection_sort,827,38,827,10995
7,selection_sort,828,36,829,6178
7,selection_sort,828,37,828,246951
7,selection_sort,828,38,828,9352
7,selection_sort,829,36,830,5527
7,selection_sort,829,37,829,235277
7,selection_sort,829,38,829,8679
7,selection_sort,830,36,831,6060
7,selection_sort,830,37,830,246969
7,selection_sort,830,38,830,8766
7,selection_sort,831,36,832,4800
7,selection_sort,831,37,831,172373
7,selection_sort,831,38,831,7057
7,selection_sort,832,36,833,8604
7,selection_sort,832,37,832,298939
7,selection_sort,832,38,832,12961
7,selection_sort,833,36,834,8127
7,selection_sort,833,37,833,395237
7,selection_sort,833,38,833,13071
7,selection_sort,834,36,835,7097
7,selection_sort,834,37,834,245941
7,selection_sort,834,38,834,11307
7,selection_sort,835,36,836,7361
7,selection_sort,835,37,835,317785
7,selection_sort,835,38,835,11820
7,selection_sort,836,36,837,7399
7,selection_sort,836,37,836,327005
7,selection_sort,836,38,836,11246
7,selection_sort,837,36,838,6015
7,selection_sort,837,37,837,255172
7,selection_sort,837,38,837,9264
7,selection_sort,838,36,839,5408
7,selection_sort,838,37,838,227051
7,selection_sort,838,38,838,8419
7,selection_sort,839,36,840,4688
7,selection_sort,839,37,839,202194
7,selection_sort,839,38,839,7255
7,selection_sort,840,36,841,4585
7,selection_sort,840,37,840,184004
7,selection_sort,840,38,840,6887
7,selection_sort,841,36,842,4261
7,selection_sort,841,37,841,169062
7,selection_sort,841,38,841,6453
7,selection_sort,842,36,843,4109
7,selection_sort,842,37,842,162967
7,selection_sort,842,38,842,5982
7,selection_sort,843,36,844,3756
7,selection_sort,843,37,843,158189
7,selection_sort,843,38,843,5843
7,selection_sort,844,36,845,3907
7,selection_sort,844,37,844,149787
7,selection_sort,844,38,844,5859
7,selection_sort,845,36,846,3848
7,selection_sort,845,37,845,154764
7,selection_sort,845,38,845,5641
7,selection_sort,846,36,847,4028
7,selection_sort,846,37,846,155121
7,selection_sort,846,38,846,6008
7,selection_sort,847,36,848,4041
7,selection_sort,847,37,847,154245
7,selection_sort,847,38,847,5961
7,selection_sort,848,36,849,4094
7,selection_sort,848,37,848,154858
7,selection_sort,848,38,848,5870
7,selection_sort,849,36,850,4161
7,selection_sort,849,37,849,164532
7,selection_sort,849,38,849,6087
7,selection_sort,850,36,851,3788
7,selection_sort,850,37,850,156816
7,selection_sort,850,38,850,5909
7,selection_sort,851,36,852,3961
7,selection_sort,851,37,851,158036
7,selection_sort,851,38,851,5918
7,selection_sort,852,36,853,3993
7,selection_sort,852,37,852,160904
7,selection_sort,852,38,852,5950
7,selection_sort,853,36,854,3956
7,selection_sort,853,37,853,162015
7,selection_sort,853,38,853,5945
7,selection_sort,854,36,855,4042
7,selection_sort,854,37,854,162990
7,selection_sort,854,38,854,6012
7,selection_sort,855,36,856,4096
7,selection_sort,855,37,855,162130
7,selection_sort,855,38,855,5813
7,selection_sort,856,36,857,3873
7,selection_sort,856,37,856,163880
7,selection_sort,856,38,856,6245
7,selection_sort,857,36,858,3972
7,selection_sort,857,37,857,156312
7,selection_sort,857,38,857,6099
7,selection_sort,858,36,859,4308
7,selection_sort,858,37,858,161268
7,selection_sort,858,38,858,6476
7,selection_sort,859,36,860,4063
7,selection_sort,859,37,859,157423
7,selection_sort,859,38,859,6135
7,selection_sort,860,36,861,4296
7,selection_sort,860,37,860,156369
7,selection_sort,860,38,860,6170
7,selection_sort,861,36,862,4042
7,selection_sort,861,37,861,161437
7,selection_sort,861,38,861,5979
7,selection_sort,862,36,863,3912
7,selection_sort,862,37,862,159749
7,selection_sort,862,38,862,6048
7,selection_sort,863,36,864,4001
7,selection_sort,863,37,863,159283
7,selection_sort,863,38,863,6098
7,selection_sort,864,36,865,4027
7,selection_sort,864,37,864,166047
7,selection_sort,864,38,864,6080
7,selection_sort,865,36,866,3988
7,selection_sort,865,37,865,157773
7,selection_sort,865,38,865,6235
7,selection_sort,866,36,867,4032
7,selection_sort,866,37,866,158851
7,selection_sort,866,38,866,5937
7,selection_sort,867,36,868,3930
7,selection_sort,867,37,867,161731
7,selection_sort,867,38,867,6130
7,selection_sort,868,36,869,3975
7,selection_sort,868,37,868,165333
7,selection_sort,868,38,868,5984
7,selection_sort,869,36,870,3911
7,selection_sort,869,37,869,166630
7,selection_sort,869,38,869,6100
7,selection_sort,870,36,871,4088
7,selection_sort,870,37,870,164187
7,selection_sort,870,38,870,6196
7,selection_sort,871,36,872,4123
7,selection_sort,871,37,871,163500
7,selection_sort,871,38,871,6003
7,selection_sort,872,36,873,3889
7,selection_sort,872,37,872,163409
7,selection_sort,872,38,872,6116
7,selection_sort,873,36,874,4132
7,selection_sort,873,37,873,165169
7,selection_sort,873,38,873,6096
7,selection_sort,874,36,875,3980
7,selection_sort,874,37,874,166614
7,selection_sort,874,38,874,6193
7,selection_sort,875,36,876,4306
7,selection_sort,875,37,875,170462
7,selection_sort,875,38,875,6071
7,selection_sort,876,36,877,4249
7,selection_sort,876,37,876,185945
7,selection_sort,876,38,876,6455
7,selection_sort,877,36,878,4393
7,selection_sort,877,37,877,171481
7,selection_sort,877,38,877,6224
7,selection_sort,878,36,879,3884
7,selection_sort,878,37,878,169951
7,selection_sort,878,38,878,6057
7,selection_sort,879,36,880,4241
7,selection_sort,879,37,879,170805
7,selection_sort,879,38,879,6288
7,selection_sort,880,36,881,3772
7,selection_sort,880,37,880,171920
7,selection_sort,880,38,880,6054
7,selection_sort,881,36,882,4240
7,selection_sort,881,37,881,167341
7,selection_sort,881,38,881,6271
7,selection_sort,882,36,883,4019
7,selection_sort,882,37,882,170468
7,selection_sort,882,38,882,6021
7,selection_sort,883,36,884,4136
7,selection_sort,883,37,883,171686
7,selection_sort,883,38,883,6135
7,selection_sort,884,36,885,4010
7,selection_sort,884,37,884,177849
7,selection_sort,884,38,884,5986
7,selection_sort,885,36,886,4068
7,selection_sort,885,37,885,174185
7,selection_sort,885,38,885,6356
7,selection_sort,886,36,887,4151
7,selection_sort,886,37,886,177823
7,selection_sort,886,38,886,6064
7,selection_sort,887,36,888,4082
7,selection_sort,887,37,887,171086
7,selection_sort,887,38,887,6313
7,selection_sort,888,36,889,4389
7,selection_sort,888,37,888,170188
7,selection_sort,888,38,888,6318
7,selection_sort,889,36,890,4145
7,selection_sort,889,37,889,173401
7,selection_sort,889,38,889,6444
7,selection_sort,890,36,891,4162
7,selection_sort,890,37,890,173152
7,selection_sort,890,38,890,6147
7,selection_sort,891,36,892,3960
7,selection_sort,891,37,891,174763
7,selection_sort,891,38,891,6154
7,selection_sort,892,36,893,4145
7,selection_sort,892,37,892,171849
7,selection_sort,892,38,892,6223
7,selection_sort,893,36,894,4003
7,selection_sort,893,37,893,171039
7,selection_sort,893,38,893,6143
7,selection_sort,894,36,895,4094
7,selection_sort,894,37,894,170573
7,selection_sort,894,38,894,6096
7,selection_sort,895,36,896,4286
7,selection_sort,895,37,895,175212
7,selection_sort,895,38,895,6304
7,selection_sort,896,36,897,4112
7,selection_sort,896,37,896,171954
7,selection_sort,896,38,896,6260
7,selection_sort,897,36,898,4142
7,selection_sort,897,37,897,176083
7,selection_sort,897,38,897,6219
7,selection_sort,898,36,899,3931
7,selection_sort,898,37,898,172019
7,selection_sort,898,38,898,6256
7,selection_sort,899,36,900,4257
7,selection_sort,899,37,899,174407
7,selection_sort,899,38,899,6075
7,selection_sort,900,36,901,4202
7,selection_sort,900,37,900,174971
7,selection_sort,900,38,900,6409
7,selection_sort,901,36,902,4056
7,selection_sort,901,37,901,175961
7,selection_sort,901,38,901,6041
7,selection_sort,902,36,903,4211
7,selection_sort,902,37,902,175050
7,selection_sort,902,38,902,6498
7,selection_sort,903,36,904,4222
7,selection_sort,903,37,903,174474
7,selection_sort,903,38,903,6287
7,selection_sort,904,36,905,4436
7,selection_sort,904,37,904,179924
7,selection_sort,904,38,904,6400
7,selection_sort,905,36,906,4062
7,selection_sort,905,37,905,181670
7,selection_sort,905,38,905,6258
7,selection_sort,906,36,907,4509
7,selection_sort,906,37,906,185427
7,selection_sort,906,38,906,6369
7,selection_sort,907,36,908,4269
7,selection_sort,907,37,907,178227
7,selection_sort,907,38,907,6568
7,selection_sort,908,36,909,4212
7,selection_sort,908,37,908,186820
7,selection_sort,908,38,908,6436
7,selection_sort,909,36,910,4287
7,selection_sort,909,37,909,177500
7,selection_sort,909,38,909,6533
7,selection_sort,910,36,911,4265
7,selection_sort,910,37,910,181328
7,selection_sort,910,38,910,6512
7,selection_sort,911,36,912,4469
7,selection_sort,911,37,911,180970
7,selection_sort,911,38,911,6557
7,selection_sort,912,36,913,4090
7,selection_sort,912,37,912,177509
7,selection_sort,912,38,912,6539
7,selection_sort,913,36,914,4111
7,selection_sort,913,37,913,178211
7,selection_sort,913,38,913,6246
7,selection_sort,914,36,915,4122
7,selection_sort,914,37,914,180897
7,selection_sort,914,38,914,6535
7,selection_sort,915,36,916,4231
7,selection_sort,915,37,915,202201
7,selection_sort,915,38,915,6727
7,selection_sort,916,36,917,4847
7,selection_sort,916,37,916,218723
7,selection_sort,916,38,916,7445
7,selection_sort,917,36,918,5334
7,selection_sort,917,37,917,237137
7,selection_sort,917,38,917,8030
7,selection_sort,918,36,919,5570
7,selection_sort,918,37,918,252652
7,selection_sort,918,38,918,8638
7,selection_sort,919,36,920,5778
7,selection_sort,919,37,919,274302
7,selection_sort,919,38,919,9027
7,selection_sort,920,36,921,6427
7,selection_sort,920,37,920,298012
7,selection_sort,920,38,920,10385
7,selection_sort,921,36,922,6910
7,selection_sort,921,37,921,323431
7,selection_sort,921,38,921,10637
7,selection_sort,922,36,923,7490
7,selection_sort,922,37,922,357644
7,selection_sort,922,38,922,11803
7,selection_sort,923,36,924,7452
7,selection_sort,923,37,923,368100
7,selection_sort,923,38,923,12058
7,selection_sort,924,36,925,7720
7,selection_sort,924,37,924,374135
7,selection_sort,924,38,924,12127
7,selection_sort,925,36,926,7460
7,selection_sort,925,37,925,367104
7,selection_sort,925,38,925,12179
7,selection_sort,926,36,927,7183
7,selection_sort,926,37,926,353221
7,selection_sort,926,38,926,11264
7,selection_sort,927,36,928,6716
7,selection_sort,927,37,927,330264
7,selection_sort,927,38,927,10550
7,selection_sort,928,36,929,6331
7,selection_sort,928,37,928,296137
7,selection_sort,928,38,928,10126
7,selection_sort,929,36,930,8572
7,selection_sort,929,37,929,406672
7,selection_sort,929,38,929,14350
7,selection_sort,930,36,931,7786
7,selection_sort,930,37,930,359652
7,selection_sort,930,38,930,11699
7,selection_sort,931,36,932,6023
7,selection_sort,931,37,931,308397
7,selection_sort,931,38,931,9807
7,selection_sort,932,36,933,8275
7,selection_sort,932,37,932,356949
7,selection_sort,932,38,932,12989
7,selection_sort,933,36,934,8201
7,selection_sort,933,37,933,370255
7,selection_sort,933,38,933,12042
7,selection_sort,934,36,935,6360
7,selection_sort,934,37,934,321199
7,selection_sort,934,38,934,10296
7,selection_sort,935,36,936,5915
7,selection_sort,935,37,935,269198
7,selection_sort,935,38,935,9166
7,selection_sort,936,36,937,6749
7,selection_sort,936,37,936,289597
7,selection_sort,936,38,936,10861
7,selection_sort,937,36,938,6922
7,selection_sort,937,37,937,345791
7,selection_sort,937,38,937,10785
7,selection_sort,938,36,939,7195
7,selection_sort,938,37,938,287774
7,selection_sort,938,38,938,9312
7,selection_sort,939,36,940,7216
7,selection_sort,939,37,939,320495
7,selection_sort,939,38,939,11544
7,selection_sort,940,36,941,5202
7,selection_sort,940,37,940,228142
7,selection_sort,940,38,940,7508
7,selection_sort,941,36,942,4832
7,selection_sort,941,37,941,207044
7,selection_sort,941,38,941,6894
7,selection_sort,942,36,943,4328
7,selection_sort,942,37,942,194741
7,selection_sort,942,38,942,6630
7,selection_sort,943,36,944,4162
7,selection_sort,943,37,943,185729
7,selection_sort,943,38,943,6477
7,selection_sort,944,36,945,4639
7,selection_sort,944,37,944,188373
7,selection_sort,944,38,944,6529
7,selection_sort,945,36,946,4610
7,selection_sort,945,37,945,190429
7,selection_sort,945,38,945,6678
7,selection_sort,946,36,947,4060
7,selection_sort,946,37,946,188439
7,selection_sort,946,38,946,6559
7,selection_sort,947,36,948,4580
7,selection_sort,947,37,947,187935
7,selection_sort,947,38,947,6551
7,selection_sort,948,36,949,4273
7,selection_sort,948,37,948,188051
7,selection_sort,948,38,948,6468
7,selection_sort,949,36,950,4524
7,selection_sort,949,37,949,194053
7,selection_sort,949,38,949,6869
7,selection_sort,950,36,951,4155
7,selection_sort,950,37,950,197020
7,selection_sort,950,38,950,6638
7,selection_sort,951,36,952,4437
7,selection_sort,951,37,951,197457
7,selection_sort,951,38,951,6586
7,selection_sort,952,36,953,4336
7,selection_sort,952,37,952,197972
7,selection_sort,952,38,952,6564
7,selection_sort,953,36,954,4583
7,selection_sort,953,37,953,198093
7,selection_sort,953,38,953,6759
7,selection_sort,954,36,955,4145
7,selection_sort,954,37,954,198410
7,selection_sort,954,38,954,6641
7,selection_sort,955,36,956,4501
7,selection_sort,955,37,955,194038
7,selection_sort,955,38,955,6707
7,selection_sort,956,36,957,4589
7,selection_sort,956,37,956,200111
7,selection_sort,956,38,956,6628
7,selection_sort,957,36,958,4315
7,selection_sort,957,37,957,200253
7,selection_sort,957,38,957,6592
7,selection_sort,958,36,959,4531
7,selection_sort,958,37,958,203986
7,selection_sort,958,38,958,6762
7,selection_sort,959,36,960,4520
7,selection_sort,959,37,959,202932
7,selection_sort,959,38,959,6620
7,selection_sort,960,36,961,4525
7,selection_sort,960,37,960,205218
7,selection_sort,960,38,960,6666
7,selection_sort,961,36,962,4585
7,selection_sort,961,37,961,202982
7,selection_sort,961,38,961,6666
7,selection_sort,962,36,963,4492
7,selection_sort,962,37,962,209073
7,selection_sort,962,38,962,6883
7,selection_sort,963,36,964,5125
7,selection_sort,963,37,963,232362
7,selection_sort,963,38,963,7732
7,selection_sort,964,36,965,5369
7,selection_sort,964,37,964,253496
7,selection_sort,964,38,964,8136
7,selection_sort,965,36,966,5810
7,selection_sort,965,37,965,265118
7,selection_sort,965,38,965,8801
7,selection_sort,966,36,967,5983
7,selection_sort,966,37,966,291294
7,selection_sort,966,38,966,9233
7,selection_sort,967,36,968,6660
7,selection_sort,967,37,967,318345
7,selection_sort,967,38,967,10270
7,selection_sort,968,36,969,6791
7,selection_sort,968,37,968,343913
7,selection_sort,968,38,968,10941
7,selection_sort,969,36,970,9586
7,selection_sort,969,37,969,476778
7,selection_sort,969,38,969,14912
7,selection_sort,970,36,971,7570
7,selection_sort,970,37,970,398157
7,selection_sort,970,38,970,12169
7,selection_sort,971,36,972,8224
7,selection_sort,971,37,971,397685
7,selection_sort,971,38,971,12427
7,selection_sort,972,36,973,7406
7,selection_sort,972,37,972,380876
7,selection_sort,972,38,972,11698
7,selection_sort,973,36,974,6966
7,selection_sort,973,37,973,352697
7,selection_sort,973,38,973,11068
7,selection_sort,974,36,975,6519
7,selection_sort,974,37,974,330058
7,selection_sort,974,38,974,10296
7,selection_sort,975,36,976,7965
7,selection_sort,975,37,975,342529
7,selection_sort,975,38,975,12850
7,selection_sort,976,36,977,6412
7,selection_sort,976,37,976,331203
7,selection_sort,976,38,976,9970
7,selection_sort,977,36,978,5244
7,selection_sort,977,37,977,256435
7,selection_sort,977,38,977,8121
7,selection_sort,978,36,979,4936
7,selection_sort,978,37,978,235301
7,selection_sort,978,38,978,7542
7,selection_sort,979,36,980,4355
7,selection_sort,979,37,979,211531
7,selection_sort,979,38,979,6911
7,selection_sort,980,36,981,4694
7,selection_sort,980,37,980,203211
7,selection_sort,980,38,980,6708
7,selection_sort,981,36,982,4462
7,selection_sort,981,37,981,204632
7,selection_sort,981,38,981,6989
7,selection_sort,982,36,983,4481
7,selection_sort,982,37,982,205672
7,selection_sort,982,38,982,6832
7,selection_sort,983,36,984,4762
7,selection_sort,983,37,983,215843
7,selection_sort,983,38,983,6972
7,selection_sort,984,36,985,4687
7,selection_sort,984,37,984,206010
7,selection_sort,984,38,984,6858
7,selection_sort,985,36,986,4847
7,selection_sort,985,37,985,206528
7,selection_sort,985,38,985,6991
7,selection_sort,986,36,987,4520
7,selection_sort,986,37,986,211162
7,selection_sort,986,38,986,6818
7,selection_sort,987,36,988,6459
7,selection_sort,987,37,987,287028
7,selection_sort,987,38,987,10256
7,selection_sort,988,36,989,7818
7,selection_sort,988,37,988,427061
7,selection_sort,988,38,988,12321
7,selection_sort,989,36,990,7212
7,selection_sort,989,37,989,336652
7,selection_sort,989,38,989,10258
7,selection_sort,990,36,991,5843
7,selection_sort,990,37,990,285535
7,selection_sort,990,38,990,8893
7,selection_sort,991,36,992,5404
7,selection_sort,991,37,991,245540
7,selection_sort,991,38,991,7538
7,selection_sort,992,36,993,4929
7,selection_sort,992,37,992,221581
7,selection_sort,992,38,992,7409
7,selection_sort,993,36,994,4828
7,selection_sort,993,37,993,210698
7,selection_sort,993,38,993,6974
7,selection_sort,994,36,995,5219
7,selection_sort,994,37,994,220648
7,selection_sort,994,38,994,7558
7,selection_sort,995,36,996,4688
7,selection_sort,995,37,995,214233
7,selection_sort,995,38,995,7196
7,selection_sort,996,36,997,4544
7,selection_sort,996,37,996,217689
7,selection_sort,996,38,996,7052
7,selection_sort,997,36,998,4612
7,selection_sort,997,37,997,223189
7,selection_sort,997,38,997,7151
7,selection_sort,998,36,999,6458
7,selection_sort,998,37,998,260027
7,selection_sort,998,38,998,10028
7,selection_sort,999,36,1000,8517
7,selection_sort,999,37,999,459202
7,selection_sort,999,38,999,13179
7,selection_sort,1000,36,1001,6598
7,selection_sort,1000,37,1000,345788
7,selection_sort,1000,38,1000,10557
